# --------------------------------------------------------
# Host:                         127.0.0.1
# Server version:               5.1.41
# Server OS:                    Win32
# HeidiSQL version:             6.0.0.3603
# Date/time:                    2011-01-24 01:22:24
# --------------------------------------------------------

/*!40101 SET @OLD_CHARACTER_SET_CLIENT=@@CHARACTER_SET_CLIENT */;
/*!40101 SET NAMES utf8 */;
/*!40014 SET @OLD_FOREIGN_KEY_CHECKS=@@FOREIGN_KEY_CHECKS, FOREIGN_KEY_CHECKS=0 */;
/*!40101 SET @OLD_SQL_MODE=@@SQL_MODE, SQL_MODE='NO_AUTO_VALUE_ON_ZERO' */;

# Dumping structure for table auction.admin_config
DROP TABLE IF EXISTS `admin_config`;
CREATE TABLE IF NOT EXISTS `admin_config` (
  `ID` int(16) NOT NULL AUTO_INCREMENT,
  `setting` varchar(64) NOT NULL DEFAULT '',
  `value` varchar(64) NOT NULL DEFAULT '',
  UNIQUE KEY `ID` (`ID`)
) ENGINE=MyISAM AUTO_INCREMENT=47 DEFAULT CHARSET=latin1 PACK_KEYS=0;

# Dumping data for table auction.admin_config: 46 rows
/*!40000 ALTER TABLE `admin_config` DISABLE KEYS */;
INSERT INTO `admin_config` (`ID`, `setting`, `value`) VALUES
	(1, 'AUCTION_TYPE', 'oneseller'),
	(11, 'BIDDER_ITEM_BIDS', 'on'),
	(10, 'BIDDER_ITEM_CURRENTPRICE', 'on'),
	(37, 'BIDDER_ITEM_DESCRIPTION', 'on'),
	(14, 'BIDDER_ITEM_ENDDATE', 'on'),
	(38, 'BIDDER_ITEM_IMAGE', 'on'),
	(13, 'BIDDER_ITEM_INCREMENT', 'on'),
	(12, 'BIDDER_ITEM_RESERVE', 'on'),
	(39, 'BIDDER_ITEM_STARTDATE', 'on'),
	(9, 'BIDDER_ITEM_STARTPRICE', 'on'),
	(40, 'BIDDER_ITEM_TIMELEFT', 'on'),
	(20, 'BIDDER_SELLER_ALIAS', 'on'),
	(22, 'BIDDER_SELLER_CITY', 'on'),
	(25, 'BIDDER_SELLER_COUNTRY', 'on'),
	(21, 'BIDDER_SELLER_EMAIL', 'on'),
	(19, 'BIDDER_SELLER_FULLNAME', 'on'),
	(27, 'BIDDER_SELLER_PHONE', 'on'),
	(23, 'BIDDER_SELLER_STATE', 'on'),
	(26, 'BIDDER_SELLER_STREETADDRESS', 'on'),
	(24, 'BIDDER_SELLER_ZIP', 'on'),
	(41, 'COMPANY_EMAIL', 'matt@australiangamer.com'),
	(43, 'COMPANY_NAME', 'AutoMarketMaker'),
	(42, 'COMPANY_PAYPAL', ''),
	(44, 'COMPANY_URL', 'http://auction'),
	(7, 'INCREMENT_MAX', '10'),
	(6, 'INCREMENT_MIN', '2'),
	(8, 'INCREMENT_PROPORTION', '20'),
	(4, 'INCREMENT_TYPE', 'proportion'),
	(5, 'INCREMENT_VALUE', '2'),
	(2, 'LOCALE', 'en_US'),
	(3, 'RESERVE', 'on'),
	(29, 'SELLER_BIDDER_ALIAS', 'on'),
	(31, 'SELLER_BIDDER_CITY', 'on'),
	(33, 'SELLER_BIDDER_COUNTRY', 'on'),
	(30, 'SELLER_BIDDER_EMAIL', 'on'),
	(28, 'SELLER_BIDDER_FULLNAME', 'on'),
	(36, 'SELLER_BIDDER_PHONE', 'on'),
	(34, 'SELLER_BIDDER_STATE', 'on'),
	(35, 'SELLER_BIDDER_STREETADDRESS', 'on'),
	(32, 'SELLER_BIDDER_ZIP', 'on'),
	(15, 'SELLER_ITEM_BIDS', 'on'),
	(16, 'SELLER_ITEM_CURRENTPRICE', 'on'),
	(18, 'SELLER_ITEM_INCREMENT', 'on'),
	(17, 'SELLER_ITEM_WINNER', 'on'),
	(45, 'BIDDER_SELLER_INFO', 'on'),
	(46, 'SELLER_BIDDER_INFO', 'on');
/*!40000 ALTER TABLE `admin_config` ENABLE KEYS */;


# Dumping structure for table auction.admin_users
DROP TABLE IF EXISTS `admin_users`;
CREATE TABLE IF NOT EXISTS `admin_users` (
  `ID` int(16) NOT NULL AUTO_INCREMENT,
  `fullname` varchar(64) NOT NULL DEFAULT '',
  `password` varchar(64) NOT NULL DEFAULT '',
  `alias` varchar(64) NOT NULL DEFAULT '',
  UNIQUE KEY `ID` (`ID`)
) ENGINE=MyISAM AUTO_INCREMENT=3 DEFAULT CHARSET=latin1;

# Dumping data for table auction.admin_users: 1 rows
/*!40000 ALTER TABLE `admin_users` DISABLE KEYS */;
INSERT INTO `admin_users` (`ID`, `fullname`, `password`, `alias`) VALUES
	(1, 'root', '200ceb26807d6bf99fd6f4f0d1ca54d4', 'root');
/*!40000 ALTER TABLE `admin_users` ENABLE KEYS */;


# Dumping structure for table auction.auction_bids
DROP TABLE IF EXISTS `auction_bids`;
CREATE TABLE IF NOT EXISTS `auction_bids` (
  `ID` bigint(16) NOT NULL AUTO_INCREMENT,
  `itemID` int(16) NOT NULL DEFAULT '0',
  `userID` int(16) NOT NULL DEFAULT '0',
  `datesubmitted` int(32) NOT NULL DEFAULT '0',
  `amount` int(10) unsigned NOT NULL,
  `statusID` tinyint(3) unsigned NOT NULL DEFAULT '1',
  `typeID` tinyint(3) unsigned DEFAULT '1',
  UNIQUE KEY `ID` (`ID`)
) ENGINE=MyISAM AUTO_INCREMENT=142 DEFAULT CHARSET=latin1;

# Dumping data for table auction.auction_bids: 6 rows
/*!40000 ALTER TABLE `auction_bids` DISABLE KEYS */;
INSERT INTO `auction_bids` (`ID`, `itemID`, `userID`, `datesubmitted`, `amount`, `statusID`, `typeID`) VALUES
	(135, 1, 8, 1295451259, 25000, 1, 2),
	(136, 2, 8, 1295452598, 20000, 1, 2),
	(137, 3, 8, 1295454655, 15000, 1, 2),
	(138, 4, 8, 1295454730, 25000, 1, 2),
	(139, 5, 8, 1295456446, 24000, 1, 2),
	(140, 6, 8, 1295457010, 34999, 1, 2),
	(141, 1, 9, 1295789248, 25000, 1, 9);
/*!40000 ALTER TABLE `auction_bids` ENABLE KEYS */;


# Dumping structure for table auction.auction_bid_status
DROP TABLE IF EXISTS `auction_bid_status`;
CREATE TABLE IF NOT EXISTS `auction_bid_status` (
  `id` tinyint(3) unsigned NOT NULL AUTO_INCREMENT,
  `status` varchar(50) DEFAULT NULL,
  PRIMARY KEY (`id`)
) ENGINE=MyISAM AUTO_INCREMENT=4 DEFAULT CHARSET=latin1;

# Dumping data for table auction.auction_bid_status: 3 rows
/*!40000 ALTER TABLE `auction_bid_status` DISABLE KEYS */;
INSERT INTO `auction_bid_status` (`id`, `status`) VALUES
	(1, 'Winning Bid'),
	(2, 'Losing Bid'),
	(3, 'Bid Withdrawn');
/*!40000 ALTER TABLE `auction_bid_status` ENABLE KEYS */;


# Dumping structure for table auction.auction_bid_status2
DROP TABLE IF EXISTS `auction_bid_status2`;
CREATE TABLE IF NOT EXISTS `auction_bid_status2` (
  `id` tinyint(3) unsigned NOT NULL AUTO_INCREMENT,
  `status` varchar(50) DEFAULT NULL,
  `private` tinyint(3) unsigned NOT NULL DEFAULT '0',
  PRIMARY KEY (`id`)
) ENGINE=MyISAM DEFAULT CHARSET=latin1;

# Dumping data for table auction.auction_bid_status2: 0 rows
/*!40000 ALTER TABLE `auction_bid_status2` DISABLE KEYS */;
/*!40000 ALTER TABLE `auction_bid_status2` ENABLE KEYS */;


# Dumping structure for table auction.auction_bid_type
DROP TABLE IF EXISTS `auction_bid_type`;
CREATE TABLE IF NOT EXISTS `auction_bid_type` (
  `id` tinyint(3) unsigned NOT NULL AUTO_INCREMENT,
  `type` varchar(50) DEFAULT NULL,
  `private` tinyint(3) unsigned NOT NULL DEFAULT '0',
  PRIMARY KEY (`id`)
) ENGINE=MyISAM AUTO_INCREMENT=10 DEFAULT CHARSET=latin1;

# Dumping data for table auction.auction_bid_type: 9 rows
/*!40000 ALTER TABLE `auction_bid_type` DISABLE KEYS */;
INSERT INTO `auction_bid_type` (`id`, `type`, `private`) VALUES
	(1, 'Bid Entered', 0),
	(2, 'New Listing', 0),
	(3, 'Notify 5', 0),
	(4, 'Notify 10', 0),
	(5, 'Sold', 0),
	(6, 'Withdrawn', 0),
	(7, 'Extend', 0),
	(8, 'Buyout', 0),
	(9, 'Request Info', 0);
/*!40000 ALTER TABLE `auction_bid_type` ENABLE KEYS */;


# Dumping structure for table auction.auction_categories
DROP TABLE IF EXISTS `auction_categories`;
CREATE TABLE IF NOT EXISTS `auction_categories` (
  `ID` int(16) NOT NULL AUTO_INCREMENT,
  `name` varchar(255) NOT NULL DEFAULT '',
  `short` varchar(32) NOT NULL DEFAULT '',
  UNIQUE KEY `ID` (`ID`),
  FULLTEXT KEY `name` (`name`,`short`)
) ENGINE=MyISAM AUTO_INCREMENT=71 DEFAULT CHARSET=latin1;

# Dumping data for table auction.auction_categories: 32 rows
/*!40000 ALTER TABLE `auction_categories` DISABLE KEYS */;
INSERT INTO `auction_categories` (`ID`, `name`, `short`) VALUES
	(2, 'Electrical', 'elec'),
	(3, 'Antiques', 'antiques'),
	(4, 'Art', 'art'),
	(5, 'Books', 'books'),
	(6, 'Business &amp; Industrial', 'business'),
	(7, 'Cameras &amp; Photos', 'cameras'),
	(8, 'Cars, parts &amp; vehicles', 'cars'),
	(9, 'Cell phones', 'mobiles'),
	(10, 'Clothing', 'clothes'),
	(11, 'Coins', 'coins'),
	(12, 'Collectibles', 'collect'),
	(13, 'Consumer Electronics', 'electronics'),
	(14, 'Crafts', 'crafts'),
	(15, 'Dolls &amp; Bears', 'dolls'),
	(16, 'DVDs &amp; Movies', 'dvd'),
	(17, 'Health &amp; Beauty', 'health'),
	(18, 'Home &amp; Garden', 'home'),
	(19, 'Jewelry &amp; Watches', 'jewel'),
	(20, 'Music', 'music'),
	(21, 'Musical Instruments', 'instruments'),
	(22, 'Pottery &amp; Glass', 'pottery'),
	(23, 'Real Estate', 'realestate'),
	(24, 'Specialty Services', 'services'),
	(25, 'Sporting Goods', 'sports'),
	(26, 'Stamps', 'stamps'),
	(27, 'Tickets', 'tickets'),
	(28, 'Toys &amp; Hobbies', 'toys'),
	(29, 'Travel', 'travel'),
	(30, 'Video Games', 'games'),
	(31, 'All other categories', 'other'),
	(54, 'All items', ''),
	(1, 'Hygiene products', '');
/*!40000 ALTER TABLE `auction_categories` ENABLE KEYS */;


# Dumping structure for table auction.auction_items
DROP TABLE IF EXISTS `auction_items`;
CREATE TABLE IF NOT EXISTS `auction_items` (
  `ID` bigint(32) NOT NULL AUTO_INCREMENT,
  `name` varchar(255) NOT NULL DEFAULT '',
  `categoryID` bigint(32) NOT NULL DEFAULT '0',
  `image` varchar(255) NOT NULL DEFAULT '',
  `auctionlength` int(32) NOT NULL DEFAULT '0',
  `dateentered` int(32) NOT NULL DEFAULT '0',
  `auction_end` int(32) DEFAULT NULL,
  `description` mediumtext NOT NULL,
  `userID` int(32) NOT NULL DEFAULT '0',
  `startprice` int(16) NOT NULL DEFAULT '0',
  `currentprice` int(16) NOT NULL DEFAULT '0',
  `bid_count` tinyint(4) NOT NULL DEFAULT '0',
  `finalprice` int(16) unsigned DEFAULT NULL,
  `buyoutprice` int(16) DEFAULT NULL,
  `reserve` int(16) DEFAULT NULL,
  `locationID` int(16) DEFAULT NULL,
  `increment` float NOT NULL DEFAULT '0',
  `processed` enum('yes','no') NOT NULL DEFAULT 'no',
  `statusID` tinyint(3) unsigned NOT NULL DEFAULT '2',
  `extended` tinyint(4) NOT NULL DEFAULT '0',
  UNIQUE KEY `ID` (`ID`),
  FULLTEXT KEY `description` (`description`)
) ENGINE=MyISAM AUTO_INCREMENT=7 DEFAULT CHARSET=latin1;

# Dumping data for table auction.auction_items: 6 rows
/*!40000 ALTER TABLE `auction_items` DISABLE KEYS */;
INSERT INTO `auction_items` (`ID`, `name`, `categoryID`, `image`, `auctionlength`, `dateentered`, `auction_end`, `description`, `userID`, `startprice`, `currentprice`, `bid_count`, `finalprice`, `buyoutprice`, `reserve`, `locationID`, `increment`, `processed`, `statusID`, `extended`) VALUES
	(1, '', 1, '', 1, 1295451259, 1295792677, '', 8, 25000, 0, 0, NULL, 60000, NULL, NULL, 0, 'no', 2, 0),
	(2, '', 1, '', 1, 1295452598, 1295792677, '', 8, 20000, 0, 0, NULL, 40000, NULL, NULL, 0, 'no', 2, 0),
	(3, '', 1, '', 1, 1295454655, 1295792677, '', 8, 15000, 0, 0, NULL, 15500, NULL, NULL, 0, 'no', 2, 0),
	(4, '', 1, '', 1, 1295454730, 1295792677, '', 8, 25000, 0, 0, NULL, 22500, NULL, NULL, 0, 'no', 2, 0),
	(5, '', 1, '', 1, 1295456446, 1295792677, '', 8, 24000, 0, 0, NULL, 60000, NULL, NULL, 0, 'no', 2, 0),
	(6, '', 1, '', 1, 1295457010, 1295792677, '', 8, 34999, 0, 0, NULL, 35000, NULL, NULL, 0, 'no', 2, 0);
/*!40000 ALTER TABLE `auction_items` ENABLE KEYS */;


# Dumping structure for table auction.auction_lengths
DROP TABLE IF EXISTS `auction_lengths`;
CREATE TABLE IF NOT EXISTS `auction_lengths` (
  `id` int(10) NOT NULL AUTO_INCREMENT,
  `length` varchar(10) DEFAULT NULL,
  `lis` int(16) DEFAULT NULL,
  PRIMARY KEY (`id`)
) ENGINE=MyISAM AUTO_INCREMENT=13 DEFAULT CHARSET=latin1;

# Dumping data for table auction.auction_lengths: 12 rows
/*!40000 ALTER TABLE `auction_lengths` DISABLE KEYS */;
INSERT INTO `auction_lengths` (`id`, `length`, `lis`) VALUES
	(1, '30 minutes', 1800),
	(2, '60 minutes', 3600),
	(3, '90 minutes', 5400),
	(4, '120 minute', 7200),
	(5, '3 hours', 10800),
	(6, '4 hours', 14400),
	(7, '5 hours', 18000),
	(8, '6 hours', 21600),
	(9, '7 hours', 25200),
	(10, '8 hours', 28800),
	(11, '24 hours', 86400),
	(12, '48 hours', 172800);
/*!40000 ALTER TABLE `auction_lengths` ENABLE KEYS */;


# Dumping structure for table auction.auction_location
DROP TABLE IF EXISTS `auction_location`;
CREATE TABLE IF NOT EXISTS `auction_location` (
  `id` int(10) NOT NULL AUTO_INCREMENT,
  `state_id` int(10) NOT NULL DEFAULT '0',
  `location` varchar(50) DEFAULT NULL,
  PRIMARY KEY (`id`)
) ENGINE=MyISAM DEFAULT CHARSET=latin1;

# Dumping data for table auction.auction_location: 0 rows
/*!40000 ALTER TABLE `auction_location` DISABLE KEYS */;
/*!40000 ALTER TABLE `auction_location` ENABLE KEYS */;


# Dumping structure for table auction.auction_messages
DROP TABLE IF EXISTS `auction_messages`;
CREATE TABLE IF NOT EXISTS `auction_messages` (
  `ID` int(16) NOT NULL AUTO_INCREMENT,
  `locale` varchar(32) NOT NULL DEFAULT '',
  `constant` varchar(255) NOT NULL DEFAULT '',
  `message` mediumtext NOT NULL,
  UNIQUE KEY `ID` (`ID`),
  FULLTEXT KEY `message` (`message`),
  FULLTEXT KEY `constant` (`constant`)
) ENGINE=MyISAM DEFAULT CHARSET=latin1;

# Dumping data for table auction.auction_messages: 0 rows
/*!40000 ALTER TABLE `auction_messages` DISABLE KEYS */;
/*!40000 ALTER TABLE `auction_messages` ENABLE KEYS */;


# Dumping structure for table auction.auction_status
DROP TABLE IF EXISTS `auction_status`;
CREATE TABLE IF NOT EXISTS `auction_status` (
  `id` tinyint(3) unsigned NOT NULL AUTO_INCREMENT,
  `status` varchar(50) DEFAULT NULL,
  PRIMARY KEY (`id`)
) ENGINE=MyISAM AUTO_INCREMENT=6 DEFAULT CHARSET=latin1;

# Dumping data for table auction.auction_status: 5 rows
/*!40000 ALTER TABLE `auction_status` DISABLE KEYS */;
INSERT INTO `auction_status` (`id`, `status`) VALUES
	(1, 'Processing'),
	(2, 'Active'),
	(3, 'Sold'),
	(4, 'Expired'),
	(5, 'Withdrawn');
/*!40000 ALTER TABLE `auction_status` ENABLE KEYS */;


# Dumping structure for table auction.auction_users
DROP TABLE IF EXISTS `auction_users`;
CREATE TABLE IF NOT EXISTS `auction_users` (
  `ID` int(32) NOT NULL AUTO_INCREMENT,
  `alias` varchar(255) NOT NULL DEFAULT '',
  `password` varchar(255) NOT NULL DEFAULT '',
  `email` varchar(255) NOT NULL DEFAULT '',
  `fullname` varchar(255) NOT NULL DEFAULT '',
  `streetaddress` varchar(255) NOT NULL DEFAULT '',
  `city` varchar(255) NOT NULL DEFAULT '',
  `state` varchar(255) NOT NULL DEFAULT '',
  `zip` varchar(16) NOT NULL DEFAULT '0',
  `country` varchar(64) NOT NULL DEFAULT '',
  `phone` varchar(32) NOT NULL DEFAULT '',
  `mobile` varchar(12) DEFAULT NULL,
  `dealer_name` varchar(50) DEFAULT NULL,
  `dealer_number` varchar(50) DEFAULT NULL,
  `status` tinyint(3) unsigned NOT NULL DEFAULT '1',
  `balance` int(10) unsigned NOT NULL DEFAULT '0',
  `latitude` varchar(50) DEFAULT NULL,
  `longitude` varchar(50) DEFAULT NULL,
  `location_pref` tinyint(1) NOT NULL DEFAULT '0',
  `location_id` tinyint(1) NOT NULL,
  `ob_hidden` tinyint(1) NOT NULL DEFAULT '0',
  `approved` tinyint(1) NOT NULL DEFAULT '0',
  `last_online` int(10) DEFAULT NULL,
  UNIQUE KEY `ID` (`ID`),
  UNIQUE KEY `email` (`email`)
) ENGINE=MyISAM AUTO_INCREMENT=9 DEFAULT CHARSET=latin1;

# Dumping data for table auction.auction_users: 1 rows
/*!40000 ALTER TABLE `auction_users` DISABLE KEYS */;
INSERT INTO `auction_users` (`ID`, `alias`, `password`, `email`, `fullname`, `streetaddress`, `city`, `state`, `zip`, `country`, `phone`, `mobile`, `dealer_name`, `dealer_number`, `status`, `balance`, `latitude`, `longitude`, `location_pref`, `location_id`, `ob_hidden`, `approved`, `last_online`) VALUES
	(8, '', '7c6dcd2512610b9b940002d3c6840918', 'matt.burgess@automarketmaker.com', 'Matthew Burgess', '3/9 Doggett Street', 'Fortitude Valley', '4', '4006', '', '0733273400', '0404240049', 'MotoReach.com', '123456', 1, 0, NULL, NULL, 0, 4, 0, 0, 1295788234),
	(9, '', '7c6dcd2512610b9b940002d3c6840918', 'damien@bigpond.com', 'Damien Cavanaugh', '123 Fake Street', 'Melbourne', '3', '3001', '', '0733273400', '0404240040', 'Cav Motors', '456789', 1, 0, NULL, NULL, 0, 4, 0, 0, NULL);
/*!40000 ALTER TABLE `auction_users` ENABLE KEYS */;


# Dumping structure for table auction.badges
DROP TABLE IF EXISTS `badges`;
CREATE TABLE IF NOT EXISTS `badges` (
  `id` int(10) unsigned NOT NULL AUTO_INCREMENT,
  `badge` varchar(50) DEFAULT NULL,
  `model_id` int(10) unsigned DEFAULT NULL,
  PRIMARY KEY (`id`)
) ENGINE=MyISAM AUTO_INCREMENT=5520 DEFAULT CHARSET=latin1;

# Dumping data for table auction.badges: 5,519 rows
/*!40000 ALTER TABLE `badges` DISABLE KEYS */;
INSERT INTO `badges` (`id`, `badge`, `model_id`) VALUES
	(1, '6.2 V8 GT', 1),
	(2, '6.2 V8 GTS', 1),
	(3, '1.8 MPI Lusso', 2),
	(4, '1.8 MPI Turismo', 2),
	(5, '1.9 JTDm 16v Elegante', 2),
	(6, '1.9 JTDm 16v Lusso', 2),
	(7, '1.9 JTDm 16v TI', 2),
	(8, '1.9 JTDm 16v Turismo', 2),
	(9, '1.9 JTDm 16v Turismo Sport', 2),
	(10, '1.9 JTDm 8v ECO Turismo', 2),
	(11, '1.9 JTDm 8v ECO Turismo Sport', 2),
	(12, '1750 TBi Elegante', 2),
	(13, '1750 TBi Lusso', 2),
	(14, '1750 TBi TI', 2),
	(15, '1750 TBi Turismo', 2),
	(16, '1750 TBi Turismo Sport', 2),
	(17, '2.0 JTDm 16v Elegante', 2),
	(18, '2.0 JTDm 16v Lusso', 2),
	(19, '2.0 JTDm 16v TI', 2),
	(20, '2.0 JTDm 16v Turismo', 2),
	(21, '2.0 JTDm 16v Turismo Sport', 2),
	(22, '2.2 JTS Elegante', 2),
	(23, '2.2 JTS Lusso', 2),
	(24, '2.2 JTS TI', 2),
	(25, '2.2 JTS Turismo', 2),
	(26, '2.4 JTDm 200 Elegante Q-Tronic', 2),
	(27, '2.4 JTDm 200 Lusso Q-Tronic', 2),
	(28, '2.4 JTDm 200 TI Q-Tronic', 2),
	(29, '2.4 JTDm 210 Elegante', 2),
	(30, '2.4 JTDm 210 Lusso', 2),
	(31, '2.4 JTDm 210 Q4 Lusso', 2),
	(32, '2.4 JTDm 210 Q4 TI', 2),
	(33, '2.4 JTDm 210 TI', 2),
	(34, '3.2 JTS V6 Elegante', 2),
	(35, '3.2 JTS V6 Lusso', 2),
	(36, '3.2 JTS V6 Q4 Lusso', 2),
	(37, '3.2 JTS V6 Q4 TI', 2),
	(38, '3.2 JTS V6 TI', 2),
	(39, '1.4 120', 3),
	(40, '1.4 MultiAir 170', 3),
	(41, '1.6 JTDM 105', 3),
	(42, '1750 TBi Cloverleaf', 3),
	(43, '2.0 JTDM 170', 3),
	(44, '1.6 TS Lusso', 4),
	(45, '1.6 TS Turismo', 4),
	(46, '1.9 JTDm 120 Lusso', 4),
	(47, '1.9 JTDm 120 Turismo', 4),
	(48, '1.9 JTDm 16v Lusso', 4),
	(49, '1.9 JTDm 16v Turismo', 4),
	(50, '2.0 TS Lusso', 4),
	(51, '2.2 JTS', 5),
	(52, '2.2 JTS S', 5),
	(53, '2.4 JTDm 210', 5),
	(54, '3.2 JTS V6', 5),
	(55, '3.2 JTS V6 Q4', 5),
	(56, '3.2 JTS V6 Q4 S', 5),
	(57, '3.2 JTS V6 Q4 SV', 5),
	(58, '3.2 JTS V6 S', 5),
	(59, '1.3 JTDm 95 Lusso', 6),
	(60, '1.3 JTDm 95 Turismo', 6),
	(61, '1.3 JTDm 95 Veloce', 6),
	(62, '1.3 JTDm Lusso', 6),
	(63, '1.3 JTDm Turismo', 6),
	(64, '1.3 JTDm Veloce', 6),
	(65, '1.4 105 MultiAir', 6),
	(66, '1.4 120 T-Jet Lusso', 6),
	(67, '1.4 120 T-Jet Turismo', 6),
	(68, '1.4 120 T-Jet Veloce', 6),
	(69, '1.4 135 MultiAir', 6),
	(70, '1.4 135 MultiAir Lusso', 6),
	(71, '1.4 135 MultiAir Veloce', 6),
	(72, '1.4 155 T-Jet Lusso', 6),
	(73, '1.4 155 T-Jet Veloce', 6),
	(74, '1.4 16v 78 Junior', 6),
	(75, '1.4 16v Junior', 6),
	(76, '1.4 16v Lusso', 6),
	(77, '1.4 16v MultiAir Cloverleaf', 6),
	(78, '1.4 16v Turismo', 6),
	(79, '1.4 16v Veloce', 6),
	(80, '1.4 170 MultiAir Cloverleaf', 6),
	(81, '1.6 JTDm Lusso', 6),
	(82, '1.6 JTDm Veloce', 6),
	(83, '2.2 JTS', 7),
	(84, '2.4 JTDM 210', 7),
	(85, '3.2 JTS V6', 7),
	(86, '3.2 JTS V6 Q4', 7),
	(87, '1.8 TS Cloverleaf', 8),
	(88, '1.9 JTDm 16v', 8),
	(89, '1.9 JTDm 16v Cloverleaf', 8),
	(90, '1.9 JTDm 16v Lusso', 8),
	(91, '1.9 JTDm 16v Q2', 8),
	(92, '1.9 JTDm 16v Turismo', 8),
	(93, '1.9 JTDm 170 Q2 Cloverleaf', 8),
	(94, '2.0 JTS', 8),
	(95, '2.0 JTS Cloverleaf', 8),
	(96, '2.0 JTS Lusso', 8),
	(97, '2.0 JTS Turismo', 8),
	(98, '4.7 V8', 9),
	(99, '4.4 V8 S', 10),
	(100, '2.0D BiTurbo', 11),
	(101, '4.4 V8', 12),
	(102, '4.4 V8 LWB', 12),
	(103, '4.4 V8 Switch-tronic', 12),
	(104, '3.0 BiTurbo', 13),
	(105, '4.4 V8 S', 14),
	(106, '2.0 160', 15),
	(107, '2.0 220', 15),
	(108, '2.0 300 Supercharged', 15),
	(109, '300', 15),
	(110, '3.6 V6', 16),
	(111, 'V6 Test', 16),
	(112, '5.0 V8', 17),
	(113, '4.7 V8', 18),
	(114, '4.7 V8 GT4', 18),
	(115, '4.7 V8 Sport Pack', 18),
	(116, '6.0 V12', 18),
	(117, '6.0 V12 Carbon Black', 18),
	(118, '6.0', 19),
	(119, '6.0 V12', 19),
	(120, '5.9 V12', 20),
	(121, '5.9 V12 Auto', 20),
	(122, '7.3 V12', 21),
	(123, '1.33', 22),
	(124, '5.9 V12', 23),
	(125, '1.8 T', 24),
	(126, '1.8 T S line', 24),
	(127, '1.8 T Sport', 24),
	(128, '1.8 TFSI 120', 24),
	(129, '1.8 TFSI 120 Executive S Line', 24),
	(130, '1.8 TFSI 120 Executive SE', 24),
	(131, '1.8 TFSI 120 S Line', 24),
	(132, '1.8 TFSI 120 SE', 24),
	(133, '1.8 TFSI 120 Special Edition', 24),
	(134, '1.8 TFSI 160 Executive S Line', 24),
	(135, '1.8 TFSI 160 Executive SE', 24),
	(136, '1.8 TFSI 160 S Line', 24),
	(137, '1.8 TFSI 160 SE', 24),
	(138, '1.8 TFSI 160 Special Edition', 24),
	(139, '2.0 TDI 120', 24),
	(140, '2.0 TDI 120 Exec. S Line', 24),
	(141, '2.0 TDI 120 Executive S Line', 24),
	(142, '2.0 TDI 120 Executive SE', 24),
	(143, '2.0 TDI 120 S Line', 24),
	(144, '2.0 TDI 120 SE', 24),
	(145, '2.0 TDI 120 Special Edition', 24),
	(146, '2.0 TDI 140', 24),
	(147, '2.0 TDI 140 Exec. S Line', 24),
	(148, '2.0 TDI 140 Executive S Line', 24),
	(149, '2.0 TDI 140 Executive SE', 24),
	(150, '2.0 TDI 140 S Line', 24),
	(151, '2.0 TDI 140 SE', 24),
	(152, '2.0 TDI 143', 24),
	(153, '2.0 TDI 143 Exec. S Line', 24),
	(154, '2.0 TDI 143 Executive S Line', 24),
	(155, '2.0 TDI 143 Executive SE', 24),
	(156, '2.0 TDI 143 S Line', 24),
	(157, '2.0 TDI 143 SE', 24),
	(158, '2.0 TDI 143 Special Edition', 24),
	(159, '2.0 TDI 170 Exec. S Line', 24),
	(160, '2.0 TDI 170 Executive S Line', 24),
	(161, '2.0 TDI 170 Executive SE', 24),
	(162, '2.0 TDI 170 Qt Special Edition', 24),
	(163, '2.0 TDI 170 Qt. SpecialEdition', 24),
	(164, '2.0 TDI 170 Quat. Exec. S line', 24),
	(165, '2.0 TDI 170 Quattro Ex. S Line', 24),
	(166, '2.0 TDI 170 Quattro Exec. SE', 24),
	(167, '2.0 TDI 170 Quattro S Line', 24),
	(168, '2.0 TDI 170 Quattro SE', 24),
	(169, '2.0 TDI 170 S Line', 24),
	(170, '2.0 TDI 170 SE', 24),
	(171, '2.0 TDI 170 Special Edition', 24),
	(172, '2.0 TDI S/S 120', 24),
	(173, '2.0 TDI S/S 120 Exec. S Line', 24),
	(174, '2.0 TDI S/S 120 Executive SE', 24),
	(175, '2.0 TDI S/S 120 S Line', 24),
	(176, '2.0 TDI S/S 120 SE', 24),
	(177, '2.0 TDI S/S 143', 24),
	(178, '2.0 TDI S/S 143 Exec. S Line', 24),
	(179, '2.0 TDI S/S 143 Executive SE', 24),
	(180, '2.0 TDI S/S 143 S Line', 24),
	(181, '2.0 TDI S/S 143 SE', 24),
	(182, '2.0 TDI S/S 170 Exec. S Line', 24),
	(183, '2.0 TDI S/S 170 Executive SE', 24),
	(184, '2.0 TDI S/S 170 Qt. Ex. S Line', 24),
	(185, '2.0 TDI S/S 170 Qt. Exec. SE', 24),
	(186, '2.0 TDI S/S 170 Qt. Exec.SLine', 24),
	(187, '2.0 TDI S/S 170 Quattro S Line', 24),
	(188, '2.0 TDI S/S 170 Quattro SE', 24),
	(189, '2.0 TDI S/S 170 S Line', 24),
	(190, '2.0 TDI S/S 170 SE', 24),
	(191, '2.0 TDIe 136', 24),
	(192, '2.0 TDIe 136 SE', 24),
	(193, '2.0 TDIe 140', 24),
	(194, '2.0 TDIe S/S 136', 24),
	(195, '2.0 TDIe S/S 136 SE', 24),
	(196, '2.0 TDi', 24),
	(197, '2.0 TDi Final Edition', 24),
	(198, '2.0 TDi S line', 24),
	(199, '2.0 TDi Sport', 24),
	(200, '2.0 TFSI', 24),
	(201, '2.0 TFSI Executive S Line', 24),
	(202, '2.0 TFSI Executive SE', 24),
	(203, '2.0 TFSI Final Edition', 24),
	(204, '2.0 TFSI Qt. Special Edition', 24),
	(205, '2.0 TFSI Quattro Exec. S Line', 24),
	(206, '2.0 TFSI Quattro Executive SE', 24),
	(207, '2.0 TFSI Quattro S Line', 24),
	(208, '2.0 TFSI Quattro SE', 24),
	(209, '2.0 TFSI S Line', 24),
	(210, '2.0 TFSI S Line SE', 24),
	(211, '2.0 TFSI S line', 24),
	(212, '2.0 TFSI S/S Executive S Line', 24),
	(213, '2.0 TFSI S/S Executive SE', 24),
	(214, '2.0 TFSI S/S Qt. Exec. S Line', 24),
	(215, '2.0 TFSI S/S Quattro Exec. SE', 24),
	(216, '2.0 TFSI S/S Quattro S Line', 24),
	(217, '2.0 TFSI S/S Quattro SE', 24),
	(218, '2.0 TFSI S/S QuattroExec.SLine', 24),
	(219, '2.0 TFSI S/S S Line', 24),
	(220, '2.0 TFSI S/S SE', 24),
	(221, '2.0 TFSI S/S Special Edition', 24),
	(222, '2.0 TFSI SE', 24),
	(223, '2.0 TFSI Special Edition', 24),
	(224, '2.0 TFSI Sport', 24),
	(225, '2.7 TDI Executive S Line', 24),
	(226, '2.7 TDI Executive SE', 24),
	(227, '2.7 TDI S Line', 24),
	(228, '2.7 TDI SE', 24),
	(229, '2.7 TDI Special Edition', 24),
	(230, '3.0 TDI Qt. Special Edition', 24),
	(231, '3.0 TDI Quattro', 24),
	(232, '3.0 TDI Quattro Exec. S Line', 24),
	(233, '3.0 TDI Quattro Exec. SE', 24),
	(234, '3.0 TDI Quattro Final Edition', 24),
	(235, '3.0 TDI Quattro S Line', 24),
	(236, '3.0 TDI Quattro SE', 24),
	(237, '3.0 TDi Quattro S line', 24),
	(238, '3.0 TDi Quattro Sport', 24),
	(239, '3.0 V6 S4', 24),
	(240, '3.2 FSI Executive S Line', 24),
	(241, '3.2 FSI Executive SE', 24),
	(242, '3.2 FSI Qt. Special Edition', 24),
	(243, '3.2 FSI Quattro Exec. S Line', 24),
	(244, '3.2 FSI Quattro Exec. SE', 24),
	(245, '3.2 FSI Quattro S Line', 24),
	(246, '3.2 FSI Quattro SE', 24),
	(247, '3.2 FSI S Line', 24),
	(248, '3.2 FSI SE', 24),
	(249, '3.2 FSI Special Edition', 24),
	(250, '3.2 V6', 24),
	(251, '3.2 V6 Quattro', 24),
	(252, '3.2 V6 Quattro S line', 24),
	(253, '3.2 V6 Quattro Sport', 24),
	(254, '3.2 V6 S line', 24),
	(255, '3.2 V6 Sport', 24),
	(256, '4.2 S4', 24),
	(257, '2.0 TDI 170', 25),
	(258, '2.0 TDI 170 Le Mans', 25),
	(259, '2.0 TDI 170 S Line', 25),
	(260, '2.0 TDI 170 SE', 25),
	(261, '2.0 TDIe', 25),
	(262, '2.0 TDIe S Line', 25),
	(263, '2.0 TDIe SE', 25),
	(264, '2.0 TFSI', 25),
	(265, '2.0 TFSI Le Mans', 25),
	(266, '2.0 TFSI S Line', 25),
	(267, '2.0 TFSI SE', 25),
	(268, '2.7 V6 TDI Le Mans', 25),
	(269, '2.7 V6 TDI Quattro Le Mans', 25),
	(270, '2.7 V6 TDI Quattro S Line', 25),
	(271, '2.7 V6 TDI Quattro SE', 25),
	(272, '2.7 V6 TDI S Line', 25),
	(273, '2.7 V6 TDI SE', 25),
	(274, '2.8 V6 FSI Le Mans', 25),
	(275, '2.8 V6 FSI Quattro Le Mans', 25),
	(276, '2.8 V6 FSI Quattro S Line', 25),
	(277, '2.8 V6 FSI Quattro SE', 25),
	(278, '2.8 V6 FSI S Line', 25),
	(279, '2.8 V6 FSI SE', 25),
	(280, '3.0 V6 TDI Quattro Le Mans', 25),
	(281, '3.0 V6 TDI Quattro S Line', 25),
	(282, '3.0 V6 TDI Quattro SE', 25),
	(283, '3.0 V6 TFSI Quattro Le Mans', 25),
	(284, '3.0 V6 TFSI Quattro S Line', 25),
	(285, '3.0 V6 TFSI Quattro SE', 25),
	(286, '5.0 V10 RS6', 25),
	(287, '5.2 V10 S6', 25),
	(288, '1.8 TFSI', 26),
	(289, '2.0 TDI Quattro', 26),
	(290, '2.0 TDI Quattro S Line', 26),
	(291, '2.0 TDI Quattro SpecialEdition', 26),
	(292, '2.0 TFSI 200', 26),
	(293, '2.0 TFSI 200 Quattro Auto', 26),
	(294, '2.0 TFSI 200 Quattro SLine Au', 26),
	(295, '2.0 TFSI 200 S Line', 26),
	(296, '2.0 TFSI 200 Special Edition', 26),
	(297, '2.0 TFSI 272 Quattro S', 26),
	(298, '2.0 TFSI 272 S', 26),
	(299, '2.0 TFSI Quattro S Line Auto', 26),
	(300, '2.0 TFSI Quattro SLine Auto', 26),
	(301, '2.0 TFSI Quattro Spec Ed Auto', 26),
	(302, '2.0TFSI 200 Quattro SLine Auto', 26),
	(303, '2.5 RS', 26),
	(304, '3.2 V6 Quattro', 26),
	(305, '3.2 V6 Quattro S Line', 26),
	(306, '1.4 TFSI', 27),
	(307, '1.4 TFSI S Line', 27),
	(308, '1.4 TFSI SE', 27),
	(309, '1.4 TFSI Sport', 27),
	(310, '1.4 TFSI Start/Stop', 27),
	(311, '1.4 TFSI Start/Stop S Line', 27),
	(312, '1.4 TFSI Start/Stop SE', 27),
	(313, '1.4 TFSI Start/Stop Sport', 27),
	(314, '1.6', 27),
	(315, '1.6 S Line', 27),
	(316, '1.6 S line', 27),
	(317, '1.6 SE', 27),
	(318, '1.6 Sport', 27),
	(319, '1.6 TDI 105', 27),
	(320, '1.6 TDI 105 S Line', 27),
	(321, '1.6 TDI 105 S line', 27),
	(322, '1.6 TDI 105 SE', 27),
	(323, '1.6 TDI 105 Sport', 27),
	(324, '1.6 TDI 105 Start/Stop', 27),
	(325, '1.6 TDI 105 Start/Stop 99', 27),
	(326, '1.6 TDI 105 Start/Stop S Line', 27),
	(327, '1.6 TDI 105 Start/Stop SE', 27),
	(328, '1.6 TDI 105 Start/Stop STronic', 27),
	(329, '1.6 TDI 105 Start/Stop Sport', 27),
	(330, '1.6 TDI 105 Technik', 27),
	(331, '1.6 Technik', 27),
	(332, '1.6 Technik SE', 27),
	(333, '1.8 TFSI', 27),
	(334, '1.8 TFSI Black Edition', 27),
	(335, '1.8 TFSI S Line', 27),
	(336, '1.8 TFSI S line', 27),
	(337, '1.8 TFSI SE', 27),
	(338, '1.8 TFSI Sport', 27),
	(339, '1.8 TFSI Technik', 27),
	(340, '1.9 TDI', 27),
	(341, '1.9 TDI S line', 27),
	(342, '1.9 TDI Sport', 27),
	(343, '1.9 TDIe', 27),
	(344, '1.9 TDIe SE', 27),
	(345, '1.9 TDIe Sport', 27),
	(346, '2.0 TDI', 27),
	(347, '2.0 TDI 140', 27),
	(348, '2.0 TDI 140 Black Edition', 27),
	(349, '2.0 TDI 140 S Line', 27),
	(350, '2.0 TDI 140 SE', 27),
	(351, '2.0 TDI 140 Sport', 27),
	(352, '2.0 TDI 170', 27),
	(353, '2.0 TDI 170 Black Edition', 27),
	(354, '2.0 TDI 170 Quattro', 27),
	(355, '2.0 TDI 170 Quattro Black Ed.', 27),
	(356, '2.0 TDI 170 Quattro S Line', 27),
	(357, '2.0 TDI 170 Quattro SE', 27),
	(358, '2.0 TDI 170 Quattro Sport', 27),
	(359, '2.0 TDI 170 S Line', 27),
	(360, '2.0 TDI 170 SE', 27),
	(361, '2.0 TDI 170 Sport', 27),
	(362, '2.0 TDI Black Edition', 27),
	(363, '2.0 TDI S line', 27),
	(364, '2.0 TDI Sport', 27),
	(365, '2.0 TFSI', 27),
	(366, '2.0 TFSI Black Edition', 27),
	(367, '2.0 TFSI Quattro Black Edition', 27),
	(368, '2.0 TFSI Quattro S Line', 27),
	(369, '2.0 TFSI Quattro Sport', 27),
	(370, '2.0 TFSI S Line', 27),
	(371, '2.0 TFSI S line', 27),
	(372, '2.0 TFSI SE', 27),
	(373, '2.0 TFSI Sport', 27),
	(374, 'S3', 27),
	(375, 'S3 (261bhp)', 27),
	(376, '1.8 TFSI', 28),
	(377, '1.8 TFSI 160', 28),
	(378, '1.8 TFSI 160 S Line', 28),
	(379, '1.8 TFSI 160 SE', 28),
	(380, '1.8 TFSI 160 Special Edition', 28),
	(381, '1.8 TFSI 160 Sport', 28),
	(382, '1.8 TFSI S Line', 28),
	(383, '1.8 TFSI SE', 28),
	(384, '2.0 TDI', 28),
	(385, '2.0 TDI Quattro', 28),
	(386, '2.0 TDI Quattro S Line', 28),
	(387, '2.0 TDI Quattro SE', 28),
	(388, '2.0 TDI Quattro Sport', 28),
	(389, '2.0 TDI S Line', 28),
	(390, '2.0 TDI S/S', 28),
	(391, '2.0 TDI S/S Qt Special Edition', 28),
	(392, '2.0 TDI S/S Quattro', 28),
	(393, '2.0 TDI S/S Quattro S Line', 28),
	(394, '2.0 TDI S/S Quattro SE', 28),
	(395, '2.0 TDI S/S Quattro Sport', 28),
	(396, '2.0 TDI S/S S Line', 28),
	(397, '2.0 TDI S/S SE', 28),
	(398, '2.0 TDI S/S Special Edition', 28),
	(399, '2.0 TDI S/S Sport', 28),
	(400, '2.0 TDI SE', 28),
	(401, '2.0 TDI Sport', 28),
	(402, '2.0 TFSI 180', 28),
	(403, '2.0 TFSI 180 S Line', 28),
	(404, '2.0 TFSI 180 SE', 28),
	(405, '2.0 TFSI 180 Special Edition', 28),
	(406, '2.0 TFSI 180 Sport', 28),
	(407, '2.0 TFSI 211', 28),
	(408, '2.0 TFSI 211 Qt SpecialEdition', 28),
	(409, '2.0 TFSI 211 Quattro', 28),
	(410, '2.0 TFSI 211 Quattro S Line', 28),
	(411, '2.0 TFSI 211 Quattro SE', 28),
	(412, '2.0 TFSI 211 Quattro Sport', 28),
	(413, '2.0 TFSI 211 S Line', 28),
	(414, '2.0 TFSI 211 SE', 28),
	(415, '2.0 TFSI 211 Special Edition', 28),
	(416, '2.0 TFSI 211 Sport', 28),
	(417, '2.0 TFSI Quattro Auto', 28),
	(418, '2.0 TFSI Quattro S Line Auto', 28),
	(419, '2.0 TFSI Quattro SE Auto', 28),
	(420, '2.0 TFSI S/S', 28),
	(421, '2.0 TFSI S/S 180', 28),
	(422, '2.0 TFSI S/S 180 S Line', 28),
	(423, '2.0 TFSI S/S 180 SE', 28),
	(424, '2.0 TFSI S/S 180 Sport', 28),
	(425, '2.0 TFSI S/S 211', 28),
	(426, '2.0 TFSI S/S 211 Qt. S Line', 28),
	(427, '2.0 TFSI S/S 211 Quattro', 28),
	(428, '2.0 TFSI S/S 211 Quattro SE', 28),
	(429, '2.0 TFSI S/S 211 Quattro Sport', 28),
	(430, '2.0 TFSI S/S 211 S Line', 28),
	(431, '2.0 TFSI S/S 211 SE', 28),
	(432, '2.0 TFSI S/S 211 Sport', 28),
	(433, '2.0 TFSI S/S S Line', 28),
	(434, '2.0 TFSI S/S SE', 28),
	(435, '2.0T Lightweight Prototype', 28),
	(436, '2.7 TDI', 28),
	(437, '2.7 TDI S Line', 28),
	(438, '2.7 TDI SE', 28),
	(439, '2.7 TDI Special Edition', 28),
	(440, '2.7 TDI Sport', 28),
	(441, '3.0 TDI Qt. Special Edition', 28),
	(442, '3.0 TDI Quattro', 28),
	(443, '3.0 TDI Quattro S Line', 28),
	(444, '3.0 TDI Quattro SE', 28),
	(445, '3.0 TDI Quattro Sport', 28),
	(446, '3.0 V6 S5', 28),
	(447, '3.2 FSI Quattro SE', 28),
	(448, '3.2 V6 FSI', 28),
	(449, '3.2 V6 FSI Qt. Special Edition', 28),
	(450, '3.2 V6 FSI Quattro', 28),
	(451, '3.2 V6 FSI Quattro S Line', 28),
	(452, '3.2 V6 FSI Quattro S Line Auto', 28),
	(453, '3.2 V6 FSI Quattro S line', 28),
	(454, '3.2 V6 FSI Quattro SE', 28),
	(455, '3.2 V6 FSI Quattro SE Auto', 28),
	(456, '3.2 V6 FSI Quattro Sport', 28),
	(457, '3.2 V6 FSI S Line', 28),
	(458, '3.2 V6 FSI SE', 28),
	(459, '3.2 V6 FSI Special Edition', 28),
	(460, '3.2 V6 FSI Sport', 28),
	(461, '4.2 V8 RS5', 28),
	(462, '4.2 V8 S5', 28),
	(463, 'S5', 28),
	(464, '2.8 V6 FSI SE', 29),
	(465, '2.8 V6 FSI Sport', 29),
	(466, '3.0 V6 TDI Quattro SE', 29),
	(467, '3.0 V6 TDI Quattro SE LWB', 29),
	(468, '3.0 V6 TDI Quattro Sport', 29),
	(469, '3.0 V6 TDI Quattro Sport LWB', 29),
	(470, '3.2 V6 FSI Quattro SE', 29),
	(471, '3.2 V6 FSI Quattro Sport', 29),
	(472, '3.2 V6 FSI SE', 29),
	(473, '3.2 V6 FSI SE LWB', 29),
	(474, '3.2 V6 FSI Sport', 29),
	(475, '3.2 V6 FSI Sport LWB', 29),
	(476, '4.2 FSi SE Executive Quattro', 29),
	(477, '4.2 FSi SE Quattro', 29),
	(478, '4.2 TDi SE Executive Quattro', 29),
	(479, '4.2 TDi SE Quattro', 29),
	(480, '4.2 V8 FSI Quattro SE', 29),
	(481, '4.2 V8 FSI Quattro SE LWB', 29),
	(482, '4.2 V8 FSI Quattro Sport', 29),
	(483, '4.2 V8 FSI Quattro Sport LWB', 29),
	(484, '4.2 V8 TDI Quattro SE', 29),
	(485, '4.2 V8 TDI Quattro SE LWB', 29),
	(486, '4.2 V8 TDI Quattro Sport', 29),
	(487, '4.2 V8 TDI Quattro Sport LWB', 29),
	(488, '6.0 W12 Quattro SE LWB', 29),
	(489, 'S8 V10', 29),
	(490, '3.0 V6 TDI', 30),
	(491, '3.0 V6 TDI Clean Diesel', 30),
	(492, '3.0 V6 TDI Clean Diesel S Line', 30),
	(493, '3.0 V6 TDI Clean Diesel SE', 30),
	(494, '3.0 V6 TDI S Line', 30),
	(495, '3.0 V6 TDI SE', 30),
	(496, '3.6 V6', 30),
	(497, '3.6 V6 S Line', 30),
	(498, '3.6 V6 S line', 30),
	(499, '3.6 V6 SE', 30),
	(500, '4.2  V8 S line', 30),
	(501, '4.2 V8 S Line', 30),
	(502, '4.2 V8 SE', 30),
	(503, '4.2 V8 TDI S Line', 30),
	(504, '4.2 V8 TDI SE', 30),
	(505, '6.0 V12 TDI', 30),
	(506, '2.0 TDI', 31),
	(507, '2.0 TDI 143', 31),
	(508, '2.0 TDI 143 S Line', 31),
	(509, '2.0 TDI 143 SE', 31),
	(510, '2.0 TDI 143 Special Edition', 31),
	(511, '2.0 TDI 170', 31),
	(512, '2.0 TDI 170 S Line', 31),
	(513, '2.0 TDI 170 SE', 31),
	(514, '2.0 TDI 170 Special Edition', 31),
	(515, '2.0 TDI S Line', 31),
	(516, '2.0 TDI S Line 170', 31),
	(517, '2.0 TDI SE', 31),
	(518, '2.0 TDI SE 170', 31),
	(519, '2.0 TFSI', 31),
	(520, '2.0 TFSI 180', 31),
	(521, '2.0 TFSI 180 S Line', 31),
	(522, '2.0 TFSI 180 SE', 31),
	(523, '2.0 TFSI 180 Special Edition', 31),
	(524, '2.0 TFSI 211', 31),
	(525, '2.0 TFSI 211 S Line', 31),
	(526, '2.0 TFSI 211 SE', 31),
	(527, '2.0 TFSI 211 Special Edition', 31),
	(528, '2.0 TFSI S Line', 31),
	(529, '2.0 TFSI SE', 31),
	(530, '3.0 TDI S Line', 31),
	(531, '3.0 TDI SE', 31),
	(532, '3.0 TDI Special Edition', 31),
	(533, '3.2 FSI S Line', 31),
	(534, '3.2 FSI SE', 31),
	(535, '3.2 FSI Special Edition', 31),
	(536, '230kW', 32),
	(537, '2.7 V6 TDI Quattro', 33),
	(538, '3.0 V6 TDI Quattro', 33),
	(539, '3.0 V6 TDI Quattro Special Ed.', 33),
	(540, '3.0 V6 TFSI Quattro', 33),
	(541, '2.0 TDI', 34),
	(542, '2.0 TFSI', 34),
	(543, '3.0 TDI', 34),
	(544, '3.0 TDI V6', 34),
	(545, '4.2 V8 FSI', 35),
	(546, '5.2 V10', 35),
	(547, '5.2 V10 FSI', 35),
	(548, 'A1', 36),
	(549, '3.0 TDI V6', 37),
	(550, '316d ES', 38),
	(551, '318d ES', 38),
	(552, '318d ES 2010', 38),
	(553, '318d M Sport', 38),
	(554, '318d M Sport Business Edition', 38),
	(555, '318d SE', 38),
	(556, '318d SE 2010', 38),
	(557, '318d SE Business Edition', 38),
	(558, '318i ES', 38),
	(559, '318i M Sport', 38),
	(560, '318i M Sport Business Edition', 38),
	(561, '318i SE', 38),
	(562, '318i SE Business Edition', 38),
	(563, '320d ES', 38),
	(564, '320d ES 2010', 38),
	(565, '320d EfficientDynamics', 38),
	(566, '320d M Sport', 38),
	(567, '320d M Sport 2010', 38),
	(568, '320d M Sport Business Ed. 2010', 38),
	(569, '320d M Sport Business Edition', 38),
	(570, '320d M Sport Highline', 38),
	(571, '320d SE', 38),
	(572, '320d SE 2010', 38),
	(573, '320d SE Business Edition', 38),
	(574, '320d SE Business Edition 2010', 38),
	(575, '320d SE Highline', 38),
	(576, '320i ES', 38),
	(577, '320i M Sport', 38),
	(578, '320i M Sport 2010', 38),
	(579, '320i M Sport Business Edition', 38),
	(580, '320i SE', 38),
	(581, '320i SE 2010', 38),
	(582, '320i SE Business Edition', 38),
	(583, '325d M Sport', 38),
	(584, '325d M Sport 2010', 38),
	(585, '325d M Sport Highline', 38),
	(586, '325d SE', 38),
	(587, '325d SE 2010', 38),
	(588, '325d SE Highline', 38),
	(589, '325i M Sport', 38),
	(590, '325i M Sport 2010', 38),
	(591, '325i SE', 38),
	(592, '325i SE 2010', 38),
	(593, '330d M Sport', 38),
	(594, '330d M Sport 2010', 38),
	(595, '330d M Sport Highline', 38),
	(596, '330d SE', 38),
	(597, '330d SE 2010', 38),
	(598, '330d SE Highline', 38),
	(599, '330i M Sport', 38),
	(600, '330i M Sport 2010', 38),
	(601, '330i M Sport Highline', 38),
	(602, '330i SE', 38),
	(603, '330i SE 2010', 38),
	(604, '330i SE Highline', 38),
	(605, '335d M Sport', 38),
	(606, '335d M Sport 2010', 38),
	(607, '335d M Sport Highline', 38),
	(608, '335d SE', 38),
	(609, '335d SE 2010', 38),
	(610, '335d SE Highline', 38),
	(611, '335i M Sport', 38),
	(612, '335i M Sport 2010', 38),
	(613, '335i M Sport Highline', 38),
	(614, '335i SE', 38),
	(615, '335i SE 2010', 38),
	(616, '335i SE Highline', 38),
	(617, 'sDrive 18d SE', 39),
	(618, 'sDrive 20d SE', 39),
	(619, 'xDrive 18d SE', 39),
	(620, 'xDrive 20d SE', 39),
	(621, 'xDrive 23d SE', 39),
	(622, 'xDrive 23d SE Auto', 39),
	(623, 'xDrive18d M Sport', 40),
	(624, 'xDrive18d SE', 40),
	(625, 'xDrive20d Edition Exclusive', 40),
	(626, 'xDrive20d Edition Premium', 40),
	(627, 'xDrive20d Limited Sport Editio', 40),
	(628, 'xDrive20d M Sport', 40),
	(629, 'xDrive20d SE', 40),
	(630, 'xDrive20d SE Edition Exclusive', 40),
	(631, 'xDrive20d SE Edition Premium', 40),
	(632, 'xDrive20d SE Exclusive', 40),
	(633, 'xDrive20d SE Premium', 40),
	(634, 'xDrive20d Sport Limited', 40),
	(635, 'xDrive25i M Sport', 40),
	(636, 'xDrive25i SE', 40),
	(637, 'xDrive30d M Sport', 40),
	(638, 'xDrive30d SE', 40),
	(639, 'xDrive30i M Sport', 40),
	(640, 'xDrive30i SE', 40),
	(641, 'xDrive35d M Sport', 40),
	(642, 'xDrive35d SE', 40),
	(643, '630i', 41),
	(644, '630i Edition Sport', 41),
	(645, '630i SE', 41),
	(646, '630i Sport', 41),
	(647, '635d', 41),
	(648, '635d Edition Sport', 41),
	(649, '635d SE', 41),
	(650, '635d Sport', 41),
	(651, '650i', 41),
	(652, '650i Edition Sport', 41),
	(653, '650i SE', 41),
	(654, '650i Sport', 41),
	(655, 'M6', 41),
	(656, '116d', 42),
	(657, '116d ES', 42),
	(658, '116d M Sport', 42),
	(659, '116d SE', 42),
	(660, '116d Sport', 42),
	(661, '116i', 42),
	(662, '116i (Dynamic)', 42),
	(663, '116i ES', 42),
	(664, '116i ES (Dynamic)', 42),
	(665, '116i Edition ES', 42),
	(666, '116i M Sport', 42),
	(667, '116i SE', 42),
	(668, '116i SE (Dynamic)', 42),
	(669, '116i Sport', 42),
	(670, '118d', 42),
	(671, '118d (Dynamic)', 42),
	(672, '118d ES', 42),
	(673, '118d ES (Dynamic)', 42),
	(674, '118d Edition ES', 42),
	(675, '118d M Sport', 42),
	(676, '118d SE', 42),
	(677, '118d SE (Dynamic)', 42),
	(678, '118d Sport', 42),
	(679, '118i', 42),
	(680, '118i (Dynamic)', 42),
	(681, '118i ES', 42),
	(682, '118i ES (Dynamic)', 42),
	(683, '118i M Sport', 42),
	(684, '118i SE', 42),
	(685, '118i SE (Dynamic)', 42),
	(686, '118i Sport', 42),
	(687, '120d', 42),
	(688, '120d (Dynamic)', 42),
	(689, '120d ES', 42),
	(690, '120d ES (Dynamic)', 42),
	(691, '120d M Sport', 42),
	(692, '120d SE', 42),
	(693, '120d SE (Dynamic)', 42),
	(694, '120d Sport', 42),
	(695, '120i', 42),
	(696, '120i (Dynamic)', 42),
	(697, '120i ES', 42),
	(698, '120i ES (Dynamic)', 42),
	(699, '120i M Sport', 42),
	(700, '120i SE', 42),
	(701, '120i SE (Dynamic)', 42),
	(702, '120i Sport', 42),
	(703, '123d M Sport', 42),
	(704, '123d SE', 42),
	(705, '123d SE (Dynamic)', 42),
	(706, '125i M Sport', 42),
	(707, '125i SE', 42),
	(708, '125i SE (Dynamic)', 42),
	(709, '130i M Sport', 42),
	(710, '135i M Sport', 42),
	(711, '135i SE', 42),
	(712, '4.4 V8 M', 43),
	(713, 'xDrive30d M Sport', 43),
	(714, 'xDrive30d SE', 43),
	(715, 'xDrive30d SE (Dynamic)', 43),
	(716, 'xDrive30i M Sport', 43),
	(717, 'xDrive30i SE', 43),
	(718, 'xDrive30i SE (Dynamic)', 43),
	(719, 'xDrive35d 10 Year Edition', 43),
	(720, 'xDrive35d M Sport', 43),
	(721, 'xDrive35d SE', 43),
	(722, 'xDrive35d SE (Dynamic)', 43),
	(723, 'xDrive40d M Sport', 43),
	(724, 'xDrive40d SE', 43),
	(725, 'xDrive48i M Sport', 43),
	(726, 'xDrive48i SE', 43),
	(727, 'xDrive48i SE (Dynamic)', 43),
	(728, 'xDrive50i M Sport', 43),
	(729, 'xDrive50i SE', 43),
	(730, '4.4 V8 M', 44),
	(731, 'ActiveHybrid', 44),
	(732, 'xDrive30d', 44),
	(733, 'xDrive35d', 44),
	(734, 'xDrive35i', 44),
	(735, 'xDrive50i', 44),
	(736, '520d M Sport', 45),
	(737, '520d M Sport Business Edition', 45),
	(738, '520d SE', 45),
	(739, '520d SE Business Edition', 45),
	(740, '523i M Sport', 45),
	(741, '523i SE', 45),
	(742, '525d M Sport', 45),
	(743, '525d M Sport Business Edition', 45),
	(744, '525d SE', 45),
	(745, '525d SE Business Edition', 45),
	(746, '525i M Sport', 45),
	(747, '525i SE', 45),
	(748, '528i SE', 45),
	(749, '530d M Sport', 45),
	(750, '530d M Sport Business Edition', 45),
	(751, '530d M sport Business Edition', 45),
	(752, '530d SE', 45),
	(753, '530d SE Business Edition', 45),
	(754, '530i M Sport', 45),
	(755, '530i SE', 45),
	(756, '535d M Sport', 45),
	(757, '535d SE', 45),
	(758, '535i Auto', 45),
	(759, '535i SE', 45),
	(760, '540i M Sport', 45),
	(761, '540i SE', 45),
	(762, '550i M Sport', 45),
	(763, '550i SE', 45),
	(764, 'M5', 45),
	(765, '730Ld', 46),
	(766, '730Ld  M Sport', 46),
	(767, '730Ld SE', 46),
	(768, '730d M Sport', 46),
	(769, '730d SE', 46),
	(770, '740Li', 46),
	(771, '740Li M Sport', 46),
	(772, '740d', 46),
	(773, '740d M Sport', 46),
	(774, '740d SE', 46),
	(775, '740i', 46),
	(776, '740i M Sport', 46),
	(777, '750Li', 46),
	(778, '750Li M Sport', 46),
	(779, '750i', 46),
	(780, '750i M Sport', 46),
	(781, '760Li', 46),
	(782, '760Li M Sport', 46),
	(783, 'ActiveHybrid 7', 46),
	(784, 'ActiveHybrid 7L', 46),
	(785, '4.0 V8', 47),
	(786, '4.0 V8 Edition', 47),
	(787, '4.4 V8 GTS', 47),
	(788, '2.0i Edition Exclusive', 48),
	(789, '2.0i Edition Sport', 48),
	(790, '2.0i SE', 48),
	(791, '2.0i Sport', 48),
	(792, '2.5 sDrive23i', 48),
	(793, '2.5 sDrive23i M Sport', 48),
	(794, '2.5i SE', 48),
	(795, '2.5i Sport', 48),
	(796, '2.5si SE', 48),
	(797, '2.5si Sport', 48),
	(798, '3.0 sDrive30i', 48),
	(799, '3.0 sDrive30i M Sport', 48),
	(800, '3.0 sDrive35i', 48),
	(801, '3.0 sDrive35i M Sport', 48),
	(802, '3.0 sDrive35iS', 48),
	(803, '3.0si SE', 48),
	(804, '3.0si Sport', 48),
	(805, '3.2 M', 48),
	(806, '530d Executive', 49),
	(807, '530d SE', 49),
	(808, '535i Executive', 49),
	(809, '535i SE', 49),
	(810, '550i Executive', 49),
	(811, '550i SE', 49),
	(812, '6.0 W12', 50),
	(813, '6.0 W12 Speed', 50),
	(814, '6.0 W12 Supersports', 50),
	(815, '6.75 V8', 51),
	(816, '6.75 V8', 52),
	(817, '6.75 V8 T', 52),
	(818, '6.0 W12 Flying Spur', 53),
	(819, '6.0 W12 Flying Spur Speed', 53),
	(820, '6.0 W12 Supersports', 53),
	(821, '6.75 V8 Final Series', 54),
	(822, '6.75 V8 R', 54),
	(823, '6.75 V8 RL', 54),
	(824, '6.75 V8 T', 54),
	(825, '6.0 W12', 55),
	(826, '6.0 W12 Speed', 55),
	(827, '6.0 W12 Supersports', 55),
	(828, '6.75 V8', 56),
	(829, '3', 57),
	(830, '3G', 57),
	(831, '3S', 57),
	(832, 'V8', 57),
	(833, 'V10', 58),
	(834, 'V10 S', 58),
	(835, 'V10 T', 58),
	(836, '2.0 200', 59),
	(837, '2.3 260', 59),
	(838, '2.3 300', 59),
	(839, '8.0 W16', 60),
	(840, '110 GT', 61),
	(841, '2.8 V6 Sports Luxury', 62),
	(842, '3.6 V6 296', 62),
	(843, '3.6 V6 Sports Luxury', 62),
	(844, '6.2 V8 V', 62),
	(845, '1.9D 150 Elegance', 63),
	(846, '1.9D 180 Elegance', 63),
	(847, '2.0T 175 Elegance', 63),
	(848, '2.0T 200 FlexPower Elegance', 63),
	(849, '2.0T 210 Elegance', 63),
	(850, '2.8T V6 Elegance', 63),
	(851, '3.6 V6 Elegance', 64),
	(852, '3.6 V6 Sport Luxury', 64),
	(853, '4.6 V8 Sport Luxury', 64),
	(854, '3.6 V6 Sport Luxury', 65),
	(855, '4.6 V8 Sport Luxury', 65),
	(856, '6.2 V8 Elegance', 66),
	(857, '6.2 V8 Sport Luxury', 66),
	(858, '4.4 V8', 67),
	(859, '6.0 V8', 68),
	(860, '1.4', 69),
	(861, '3.5 V8', 70),
	(862, '1.6 Sigma 150', 71),
	(863, '1.6 Sigma 150 SV', 71),
	(864, '1.8 K-Series R300', 71),
	(865, '1.8 K-Series R300 SV', 71),
	(866, '1.8 K-Series VVC R300', 71),
	(867, '2.0 Duratec', 71),
	(868, '2.0 Duratec R300', 71),
	(869, '2.0 Duratec R400', 71),
	(870, '2.0 Duratec R400 SV', 71),
	(871, '2.0 Duratec R500', 71),
	(872, '2.3 Cosworth 200', 72),
	(873, '2.3 Cosworth 260', 72),
	(874, '2.3 Cosworth 260 Superlight', 72),
	(875, '1.6 Sigma 125', 73),
	(876, '1.6 Sigma 125 SV', 73),
	(877, '1.6 Sigma 150', 73),
	(878, '1.6 Sigma 150 SV', 73),
	(879, '1.8 K-Series VVC', 73),
	(880, '2.0 Duratec 175 SV', 73),
	(881, '1.4 K-Series 105 5sp', 74),
	(882, '1.4 K-Series 105 6sp', 74),
	(883, '1.2 LS', 75),
	(884, '1.2 S', 75),
	(885, '1.2 S (AC)', 75),
	(886, '1.4 LT', 75),
	(887, '1.4 SE', 76),
	(888, '1.4 SE (AC)', 76),
	(889, '1.6 SX', 76),
	(890, '1.8 SX', 76),
	(891, '1.8 Sport', 76),
	(892, '2.0 VCDi LS 5st', 77),
	(893, '2.0 VCDi LT 5st', 77),
	(894, '2.0 VCDi LT 7st', 77),
	(895, '2.0 VCDi LTX 7st', 77),
	(896, '2.4 LS', 77),
	(897, '3.6 D V6 LT', 78),
	(898, '3.6D V6 LS', 78),
	(899, '6.2 V8', 78),
	(900, '6.2 V8 SS', 78),
	(901, '1.0', 79),
	(902, '1.0 +', 79),
	(903, '1.0 LS', 79),
	(904, '1.2 LS', 79),
	(905, '1.2 LS+', 79),
	(906, '1.2 LT', 79),
	(907, '1.6 LS', 80),
	(908, '1.6 S', 80),
	(909, '1.8 LT', 80),
	(910, '2.0 VCDi 125 LS', 80),
	(911, '2.0 VCDi 125 S', 80),
	(912, '2.0 VCDi 150 LT', 80),
	(913, '2.0 LS', 81),
	(914, '2.0 VCDi LS', 81),
	(915, '2.0 VCDi LT', 81),
	(916, '0.8 S', 82),
	(917, '0.8 SE Auto', 82),
	(918, '1.0 SE', 82),
	(919, '1.0 SE +', 82),
	(920, '2.0 CDX', 83),
	(921, '1.6 SX', 84),
	(922, '2.0 CRD Limited', 85),
	(923, '2.0 Limited', 85),
	(924, '2.4 Limited Auto', 85),
	(925, '2.7 V6 Limited', 85),
	(926, '3.0 CRD V6 SE', 86),
	(927, '3.0 CRD V6 SR', 86),
	(928, '3.0 CRD V6 SRT', 86),
	(929, '3.0 V6 CRD', 86),
	(930, '3.0 V6 CRD SRT-Design', 86),
	(931, '6.1  SRT-8', 86),
	(932, '6.1 V8 SRT-8', 86),
	(933, '2.8 CRD 25th Anniversary', 87),
	(934, '2.8 CRD LX', 87),
	(935, '2.8 CRD Limited', 87),
	(936, '2.8 CRD Touring', 87),
	(937, '3.8 V6 Limited', 87),
	(938, '2.2 HDi Exclusive', 88),
	(939, '2.2 HDi VTR+', 88),
	(940, '2.4i Exclusive', 88),
	(941, '2.4i Exclusive CVT', 88),
	(942, '2.4i VTR', 88),
	(943, '2.4i VTR+', 88),
	(944, '2.4i VTR+ CVT', 88),
	(945, '2.0 HDi 16v 120 LX', 89),
	(946, '2.0 HDi 16v 120 SX', 89),
	(947, '2.0 HDi 16v 136 Exclusive', 89),
	(948, '2.0 HDi 16v 136 SX', 89),
	(949, '2.2 HDi 16v Exclusive', 89),
	(950, '2.2 HDi 16v Exclusive Auto', 89),
	(951, '2.2 HDi 16v SX', 89),
	(952, '1.6 HDi 110 VTR', 90),
	(953, '1.6 HDi 110 VTR+ Nav', 90),
	(954, '1.6 HDi SX', 90),
	(955, '1.6 HDi VTR+', 90),
	(956, '1.6 HDi VTR+ Nav', 90),
	(957, '1.6i 16v 155 THP VTR+ Nav', 90),
	(958, '1.8i 16v SX', 90),
	(959, '1.8i 16v VTR+', 90),
	(960, '1.8i 16v VTR+ Nav', 90),
	(961, '2.0 HDi 140 Exclusive', 90),
	(962, '2.0 HDi 140 SX', 90),
	(963, '2.0 HDi 140 VTR+ Nav', 90),
	(964, '2.0 HDi 160 Exclusive', 90),
	(965, '2.0 HDi 160 VTR+ Nav', 90),
	(966, '2.0 HDi Exclusive', 90),
	(967, '2.0 HDi SX', 90),
	(968, '2.0 HDi VTR+', 90),
	(969, '2.0i 16v Exclusive Auto', 90),
	(970, '2.0i 16v VTR+', 90),
	(971, '2.0i 16v VTR+ Auto', 90),
	(972, '2.0i 16v VTR+ Nav', 90),
	(973, '2.0i 16v VTR+ Nav Auto', 90),
	(974, '2.2 HDI VTR+ Nav', 90),
	(975, '2.2 HDi Exclusive', 90),
	(976, '2.2 HDi VTR+', 90),
	(977, '2.2 HDi VTR+ Nav', 90),
	(978, '2.7 HDi V6 Exclusive', 90),
	(979, '3.0 HDi V6 Exclusive Auto', 90),
	(980, '1.4i 16v 90 VTR', 91),
	(981, '1.4i 16v LX', 91),
	(982, '1.4i 16v SX', 91),
	(983, '1.4i 16v VTR', 91),
	(984, '1.6 16v By Loeb', 91),
	(985, '1.6 16v THP By Loeb', 91),
	(986, '1.6 16v THP VTS', 91),
	(987, '1.6 16v VTi Exclusive', 91),
	(988, '1.6 16v VTi SX', 91),
	(989, '1.6 16v VTi VTR', 91),
	(990, '1.6 16v VTi VTR+', 91),
	(991, '1.6 HDi 110 16v Exclusive', 91),
	(992, '1.6 HDi 110 16v VTR+', 91),
	(993, '1.6 HDi 16v 110 Exclusive', 91),
	(994, '1.6 HDi 16v 110 SX', 91),
	(995, '1.6 HDi 16v 110 SX EGS DPF', 91),
	(996, '1.6 HDi 16v 110 VTR+', 91),
	(997, '1.6 HDi 16v By Loeb', 91),
	(998, '1.6 HDi 16v VTR', 91),
	(999, '1.6 HDi 16v VTR+', 91),
	(1000, '1.6 HDi 16v VTR+ EGS DPF', 91),
	(1001, '1.6 HDi 92 16v VTR', 91),
	(1002, '1.6 HDi 92 16v VTR+', 91),
	(1003, '1.6 HDi 92 Airdream+', 91),
	(1004, '1.6 HDi 92 VTR', 91),
	(1005, '1.6 HDi 92 VTR+', 91),
	(1006, '2.0 HDi 16v 140 Exclusive', 91),
	(1007, '2.0 HDi 16v 140 VTS', 91),
	(1008, '1.4 VTi Exclusive', 92),
	(1009, '1.4 VTi VT', 92),
	(1010, '1.4 VTi VTR+', 92),
	(1011, '1.6 HDi 110 Exclusive', 92),
	(1012, '1.6 HDi 90 Exclusive', 92),
	(1013, '1.6 HDi 90 VT', 92),
	(1014, '1.6 HDi 90 VTR+', 92),
	(1015, '1.6 VTi Exclusive', 92),
	(1016, '1.6 VTi VTR+', 92),
	(1017, '1.1i VT', 93),
	(1018, '1.1i VTR', 93),
	(1019, '1.4 HDi VT', 93),
	(1020, '1.4 HDi VTR', 93),
	(1021, '1.4 HDi VTS', 93),
	(1022, '1.4i VTR', 93),
	(1023, '1.4i VTR Stop & Start', 93),
	(1024, '1.4i VTS', 93),
	(1025, '1.6 HDi VTS', 93),
	(1026, '1.6i VTS', 93),
	(1027, '1.6 HDi Exclusive EGS', 94),
	(1028, '1.6 HDi LX', 94),
	(1029, '1.6 HDi SX', 94),
	(1030, '1.6 HDi VTR', 94),
	(1031, '1.6 HDi VTR+', 94),
	(1032, '1.6 LX', 94),
	(1033, '1.6 SX', 94),
	(1034, '1.6 THP 150 Exclusive EGS', 94),
	(1035, '1.6 THP 150 SX EGS', 94),
	(1036, '1.6 THP 150 VTR+ EGS', 94),
	(1037, '1.6 THP Exclusive Auto', 94),
	(1038, '1.6 VTR', 94),
	(1039, '1.6 VTR+', 94),
	(1040, '2.0 HDi Exclusive EGS', 94),
	(1041, '2.0 HDi VTR+ EGS', 94),
	(1042, '1.6 110 VTR', 95),
	(1043, '1.6 110 XTR', 95),
	(1044, '1.6 90 VT', 95),
	(1045, '1.6 90 VTR', 95),
	(1046, '1.6 HDi 110 XTR', 95),
	(1047, '1.6 HDi 75 VT', 95),
	(1048, '1.6 HDi 75 VTR', 95),
	(1049, '1.6 HDi 90 VT', 95),
	(1050, '1.6 HDi 90 VTR', 95),
	(1051, '1.6 HDi 90 XTR', 95),
	(1052, '1.1i 60 VT', 96),
	(1053, '1.1i First', 96),
	(1054, '1.1i VT', 96),
	(1055, '1.4 HDi 70 VT', 96),
	(1056, '1.4 HDi 70 VTR+', 96),
	(1057, '1.4 HDi Airdream +', 96),
	(1058, '1.4 HDi VT', 96),
	(1059, '1.4 VTi 95 Exclusive', 96),
	(1060, '1.4 VTi 95 VTR+', 96),
	(1061, '1.4i 16v Exclusive', 96),
	(1062, '1.4i 16v VTR', 96),
	(1063, '1.4i 16v VTR Stop & Start', 96),
	(1064, '1.4i 75 VT', 96),
	(1065, '1.4i 75 VTR+', 96),
	(1066, '1.4i 8v VTR', 96),
	(1067, '1.6 16v Exclusive Auto', 96),
	(1068, '1.6 16v HDi Exclusive', 96),
	(1069, '1.6 16v HDi VTR', 96),
	(1070, '1.6 HDi 110 Exclusive', 96),
	(1071, '1.6 HDi 90 Airdream+', 96),
	(1072, '1.6 HDi 90 Exclusive', 96),
	(1073, '1.6 VTI 120 Exclusive', 96),
	(1074, '1.6 VTi 120 Exclusive', 96),
	(1075, '1.6i 16v Exclusive Sensodrive', 96),
	(1076, '1.6 HDi Exclusive EGS', 97),
	(1077, '1.6 HDi LX', 97),
	(1078, '1.6 HDi SX', 97),
	(1079, '1.6 HDi VTR', 97),
	(1080, '1.6 HDi VTR+', 97),
	(1081, '1.6 THP 150 Exclusive EGS', 97),
	(1082, '1.6 THP 150 SX EGS', 97),
	(1083, '1.6 THP 150 VTR+ EGS', 97),
	(1084, '1.6 THP Exclusive Auto', 97),
	(1085, '1.6 VTi LX', 97),
	(1086, '1.6 VTi SX', 97),
	(1087, '1.6 VTi VTR', 97),
	(1088, '1.6 VTi VTR+', 97),
	(1089, '2.0 HDi Exclusive EGS', 97),
	(1090, '2.0 HDi VTR+ EGS', 97),
	(1091, '1.6 HDi 92 Desire', 98),
	(1092, '1.6i 16v Desire', 98),
	(1093, '1.4 HDi 8v 70', 99),
	(1094, '1.4 HDi 8v 70 Sensodrive', 99),
	(1095, '1.4i 8v 75', 99),
	(1096, '2.2 HDi 173 Auto', 100),
	(1097, '2.2 HDi 173 Exclusive Auto', 100),
	(1098, '2.7 HDi V6 Exclusive', 100),
	(1099, '2.7 HDi V6 Lignage', 100),
	(1100, '3.0 HDi V6', 100),
	(1101, '3.0 HDi V6 Exclusive Auto', 100),
	(1102, '1.4 VTi 95 DSign', 101),
	(1103, '1.6 HDi 110 DSport', 101),
	(1104, '1.6 HDi 90 DStyle', 101),
	(1105, '1.6 HDi 90 DStyle 99g', 101),
	(1106, '1.6 THP 150 DSport', 101),
	(1107, '1.6 VTi 120 DStyle', 101),
	(1108, '1.0i  VTR+', 102),
	(1109, '1.0i Splash', 102),
	(1110, '1.0i VT', 102),
	(1111, '1.0i VTR', 102),
	(1112, '1.0i VTR+', 102),
	(1113, '1.4 HDi 55 VTR', 102),
	(1114, '1.4 HDi 55 VTR+', 102),
	(1115, '1.4 HDi Cote dAzur', 103),
	(1116, '1.4i Charleston', 103),
	(1117, '1.4i Cote dAzur', 103),
	(1118, '1.6i 16v Cote dAzur Senso', 103),
	(1119, '1.4i', 104),
	(1120, '1.6 HDi 75', 104),
	(1121, '7.0 V8', 105),
	(1122, '6.2 V8', 106),
	(1123, '6.2 V8', 107),
	(1124, '1.4 75', 108),
	(1125, '1.5 dCi 68', 108),
	(1126, '1.5 dCi 86', 108),
	(1127, '1.6 90', 108),
	(1128, '1.4', 109),
	(1129, '1.5 dCi', 109),
	(1130, '1.5 Kiri', 110),
	(1131, '1.5 S', 110),
	(1132, '1.5 SE', 110),
	(1133, '1.5 SE Auto', 110),
	(1134, '1.5 SX', 110),
	(1135, '1.0 S', 111),
	(1136, '1.0 S+', 111),
	(1137, '1.0 SE', 111),
	(1138, '1.0 SE +', 111),
	(1139, '1.3 S 90', 111),
	(1140, '1.3 S 90 +', 111),
	(1141, '1.3 SE 90', 111),
	(1142, '1.3 SE 90 +', 111),
	(1143, '1.5 SX', 111),
	(1144, '1.5 SX +', 111),
	(1145, '1.3', 112),
	(1146, '1.5', 113),
	(1147, 'Charade', 114),
	(1148, '2.0 CRD R/T', 115),
	(1149, '2.0 CRD R/T Auto', 115),
	(1150, '2.0 CRD SE', 115),
	(1151, '2.0 CRD SXT', 115),
	(1152, '2.4 SE', 115),
	(1153, '2.4 SXT', 115),
	(1154, '1.8 SE', 116),
	(1155, '1.8 SXT', 116),
	(1156, '2.0 CRD SXT', 116),
	(1157, '2.0 SXT (CVT Auto)', 116),
	(1158, '2.8 CRD SE', 117),
	(1159, '2.8 CRD SXT', 117),
	(1160, '3.7 V6 SXT', 117),
	(1161, '2.0 CRD SE', 118),
	(1162, '2.0 CRD SXT', 118),
	(1163, '2.0 SE', 118),
	(1164, '2.0 SXT', 118),
	(1165, '2.4 SXT Auto', 118),
	(1166, '6.0 SRT8', 119),
	(1167, 'V10', 120),
	(1168, 'V10 ACR', 120),
	(1169, 'Evie 30kw', 121),
	(1170, '2.0', 122),
	(1171, '5.7 V8 Clubman', 123),
	(1172, '5.7 V8 Streamliner', 123),
	(1173, '3.0 260', 124),
	(1174, '3.0 350 Supercharged', 124),
	(1175, '3.0 400 Supercharged', 124),
	(1176, '3.0 V6 260', 124),
	(1177, '3.0 V6 350 Supercharged', 124),
	(1178, '3.0 V6 400 Supercharged', 124),
	(1179, '4.3 V8', 125),
	(1180, '4.3 V8 Spider', 125),
	(1181, '6.0 V12 GTB Fiorano', 126),
	(1182, '6.0 V12 HGTE', 126),
	(1183, '6.0 V12 XX', 126),
	(1184, 'GTB Fiorano', 126),
	(1185, '5.7 V12 F1', 127),
	(1186, '4.3 V8 Scuderia', 128),
	(1187, '4.3 V8 Scuderia Spider 16M', 128),
	(1188, 'Scuderia', 128),
	(1189, '4.5 V8 Italia', 129),
	(1190, '4.3 V8', 130),
	(1191, '1.3 Multijet 75 Active', 131),
	(1192, '1.3 Multijet 75 Dynamic', 131),
	(1193, '1.3 Multijet 75 GP', 131),
	(1194, '1.3 Multijet 90 Eleganza', 131),
	(1195, '1.4 16v Eleganza', 131),
	(1196, '1.4 16v GP', 131),
	(1197, '1.4 8v Active', 131),
	(1198, '1.4 8v Dynamic', 131),
	(1199, '1.4 8v Eleganza', 131),
	(1200, '1.4 8v GP', 131),
	(1201, '1.4 8v Sound', 131),
	(1202, '1.4 Dynamic', 131),
	(1203, '1.4 T-Jet 120 Sporting', 131),
	(1204, '1.4 T-Jet 155 Abarth', 131),
	(1205, '1.4 T-Jet 155 Abarth Assetto', 131),
	(1206, '1.4 T-Jet 180 Abarth Esseesse', 131),
	(1207, '1.6 Multijet 120 Sporting', 131),
	(1208, 'Evo 1.3 Multijet', 131),
	(1209, '1.3 75 Multijet Active', 132),
	(1210, '1.3 75 Multijet Dynamic', 132),
	(1211, '1.3 75 Multijet GP', 132),
	(1212, '1.3 95 Multijet Eleganza', 132),
	(1213, '1.3 Multijet', 132),
	(1214, '1.4 16v 105 MultiAir Dynamic', 132),
	(1215, '1.4 16v 105 MultiAir Eleganza', 132),
	(1216, '1.4 16v 105 MultiAir GP', 132),
	(1217, '1.4 16v 135 MultiAir Sporting', 132),
	(1218, '1.4 77 Multiair', 132),
	(1219, '1.4 8v Active', 132),
	(1220, '1.4 8v Dynamic', 132),
	(1221, '1.4 8v GP', 132),
	(1222, '1.2 Lounge', 133),
	(1223, '1.2 Lounge S/S', 133),
	(1224, '1.2 Pink', 133),
	(1225, '1.2 Pop', 133),
	(1226, '1.2 Pop S/S', 133),
	(1227, '1.2 Sport', 133),
	(1228, '1.2 Sport S/S', 133),
	(1229, '1.2 Start&Stop', 133),
	(1230, '1.2 Stop&Start', 133),
	(1231, '1.3 MultiJet Lounge', 133),
	(1232, '1.3 MultiJet Pop', 133),
	(1233, '1.3 MultiJet Sport', 133),
	(1234, '1.4 Lounge', 133),
	(1235, '1.4 Lounge S/S', 133),
	(1236, '1.4 Pop', 133),
	(1237, '1.4 Pop S/S', 133),
	(1238, '1.4 Sport', 133),
	(1239, '1.4 Sport S/S', 133),
	(1240, '1.4 T-Jet Abarth', 133),
	(1241, '1.4 T-Jet Abarth Esseesse', 133),
	(1242, '1.3 16v MultiJet Active', 134),
	(1243, '1.3 16v MultiJet Family', 134),
	(1244, '1.3 16v Multijet Dynamic', 134),
	(1245, '1.3 MultiJet', 134),
	(1246, '1.3 MultiJet 90', 134),
	(1247, '1.4 16v', 134),
	(1248, '1.4 16v Active', 134),
	(1249, '1.4 16v Dynamic', 134),
	(1250, '1.4 16v Eleganza', 134),
	(1251, '1.4 8v Active', 134),
	(1252, '1.4 8v Dynamic', 134),
	(1253, '1.6 MultiJet', 134),
	(1254, '1.6 MultiJet 105 Active', 134),
	(1255, '1.6 MultiJet 105 Dynamic', 134),
	(1256, '1.6 MultiJet 105 Eleganza', 134),
	(1257, '1.9 120 MultiJet Active', 134),
	(1258, '1.9 120 MultiJet Dynamic', 134),
	(1259, '1.9 120 MultiJet Family', 134),
	(1260, '1.9 16v 105 MulitJet Dynamic', 134),
	(1261, '1.9 16v 105 MultiJet Active', 134),
	(1262, '2.0 MultiJet', 134),
	(1263, '2.0 MultiJet Active', 134),
	(1264, '2.0 MultiJet Dynamic', 134),
	(1265, '2.0 MultiJet Eleganza', 134),
	(1266, '95ps', 134),
	(1267, 'MultiJet 105', 134),
	(1268, 'MultiJet 135', 134),
	(1269, '1.4', 135),
	(1270, '1.4 Active', 135),
	(1271, '1.4 Active Sport', 135),
	(1272, '1.4 Dynamic', 135),
	(1273, '1.4 MSN', 135),
	(1274, '1.4 T-Jet 120 Active', 135),
	(1275, '1.4 T-Jet 120 Active Sport', 135),
	(1276, '1.4 T-Jet 120 Dynamic', 135),
	(1277, '1.4 T-Jet 150 Active', 135),
	(1278, '1.4 T-Jet 150 Dynamic', 135),
	(1279, '1.4 T-Jet 150 Sport', 135),
	(1280, '1.6 MJet 120 Active Dualogic', 135),
	(1281, '1.6 Multijet 105 Active', 135),
	(1282, '1.6 Multijet 105 Active Eco', 135),
	(1283, '1.6 Multijet 105 Active Sport', 135),
	(1284, '1.6 Multijet 105 Dynamic Eco', 135),
	(1285, '1.6 Multijet 105 Eco Active', 135),
	(1286, '1.6 Multijet 105 Eco Dynamic', 135),
	(1287, '1.6 Multijet 120 Dynamic', 135),
	(1288, '1.9 MultiJet 120 Active', 135),
	(1289, '1.9 MultiJet 120 Dynamic', 135),
	(1290, '2.0 Multijet Dynamic', 135),
	(1291, '2.0 Multijet Sport', 135),
	(1292, '1.6 Dynamic', 136),
	(1293, '1.6 Dynamic (2WD)', 136),
	(1294, '1.6 Dynamic 2WD', 136),
	(1295, '1.6 Dynamic 4WD', 136),
	(1296, '1.6 Eleganza', 136),
	(1297, '1.6 Eleganza 4WD', 136),
	(1298, '1.9 Multijet Dynamic', 136),
	(1299, '1.9 Multijet Dynamic 4WD', 136),
	(1300, '1.9 Multijet Eleganza', 136),
	(1301, '1.9 Multijet Eleganza 4WD', 136),
	(1302, '2.0 Multijet Eleganza 4WD', 136),
	(1303, '1.1 Active ECO', 137),
	(1304, '1.2 4x4', 137),
	(1305, '1.2 Dynamic ECO', 137),
	(1306, '1.2 Eleganza', 137),
	(1307, '1.3 MultiJet Cross 4x4', 137),
	(1308, '1.3 MultiJet Dynamic', 137),
	(1309, '1.4 100HP', 137),
	(1310, '2.0 Multijet (120bhp) LWB', 138),
	(1311, '2.0 Multijet (120bhp) SWB', 138),
	(1312, '2.0 Multijet (136bhp) LWB', 138),
	(1313, '2.0 Multijet (136bhp) SWB', 138),
	(1314, '1.6 16v Dynamic Family', 139),
	(1315, '1.9 MultiJet Dynamic Family', 139),
	(1316, '1.9 MultiJet Dynamic Plus', 139),
	(1317, '1.9 MultiJet Eleganza', 139),
	(1318, '1.3 MultiJet 75 5st', 140),
	(1319, '1.4 8v', 140),
	(1320, '1.3 Multijet', 141),
	(1321, '1.4 8v', 141),
	(1322, '1.3 Multijet Active', 142),
	(1323, '1.3 Multijet Dynamic', 142),
	(1324, '1.3 Multijet Trekking', 142),
	(1325, '1.4 8v Active', 142),
	(1326, '1.4 8v Dynamic', 142),
	(1327, 'Iveco', 143),
	(1328, 'Hybrid', 144),
	(1329, '1.25i 60 Edge', 145),
	(1330, '1.25i 60 Studio', 145),
	(1331, '1.25i 60 Style', 145),
	(1332, '1.25i 82 Edge', 145),
	(1333, '1.25i 82 Studio', 145),
	(1334, '1.25i 82 Style', 145),
	(1335, '1.25i 82 Style+', 145),
	(1336, '1.25i 82 Zetec', 145),
	(1337, '1.4 TDCi Edge', 145),
	(1338, '1.4 TDCi Studio', 145),
	(1339, '1.4 TDCi Style', 145),
	(1340, '1.4 TDCi Style+', 145),
	(1341, '1.4 TDCi Titanium', 145),
	(1342, '1.4 TDCi Zetec', 145),
	(1343, '1.4i Edge', 145),
	(1344, '1.4i Style+', 145),
	(1345, '1.4i Style+ Auto', 145),
	(1346, '1.4i Titanium', 145),
	(1347, '1.4i Titanium Individual', 145),
	(1348, '1.4i Zetec', 145),
	(1349, '1.6 TDCi Econetic', 145),
	(1350, '1.6 TDCi Titanium', 145),
	(1351, '1.6 TDCi Zetec', 145),
	(1352, '1.6 TDCi Zetec S', 145),
	(1353, '1.6 Ti-VCT Mountune 140', 145),
	(1354, '1.6 Ti-VCT Titanium', 145),
	(1355, '1.6 Ti-VCT Zetec S', 145),
	(1356, '1.8 TDCi Edge 5spd', 146),
	(1357, '1.8 TDCi Edge 6spd', 146),
	(1358, '1.8 TDCi Titanium 6spd', 146),
	(1359, '1.8 TDCi Zetec 5spd', 146),
	(1360, '1.8 TDCi Zetec 6spd', 146),
	(1361, '2.0 145 Titanium', 146),
	(1362, '2.0 145 Zetec', 146),
	(1363, '2.0 203 Titanium Auto', 146),
	(1364, '2.0 203 Titanium X Sport Auto', 146),
	(1365, '2.0 Edge', 146),
	(1366, '2.0 FFV Titanium', 146),
	(1367, '2.0 TDCI 115 Zetec', 146),
	(1368, '2.0 TDCI 140 Titanium', 146),
	(1369, '2.0 TDCI 140 Zetec', 146),
	(1370, '2.0 TDCI 163 Titanium', 146),
	(1371, '2.0 TDCI 163 Titanium X Sport', 146),
	(1372, '2.0 TDCi 140 Edge', 146),
	(1373, '2.0 TDCi 140 Titanium', 146),
	(1374, '2.0 TDCi 140 Zetec', 146),
	(1375, '2.0 TDCi Titanium Individual', 146),
	(1376, '2.0 Titanium', 146),
	(1377, '2.0 Zetec', 146),
	(1378, '2.2 TDCi 175 Titanium X Sport', 146),
	(1379, '2.2 TDCi Titanium', 146),
	(1380, '2.2 TDCi Titanium Individual', 146),
	(1381, '2.3i Edge Auto', 146),
	(1382, '2.3i Titanium Auto', 146),
	(1383, '2.3i Zetec Auto', 146),
	(1384, '2.5 Titanium', 146),
	(1385, '2.5 Zetec', 146),
	(1386, '1.4 Studio', 147),
	(1387, '1.6  TDCi 110 DPF Titanium', 147),
	(1388, '1.6 115 Zetec S', 147),
	(1389, '1.6 CC-1', 147),
	(1390, '1.6 Studio', 147),
	(1391, '1.6 Style', 147),
	(1392, '1.6 TDCi 109 DPF Style', 147),
	(1393, '1.6 TDCi 109 DPF Titanium', 147),
	(1394, '1.6 TDCi 109 DPF Zetec', 147),
	(1395, '1.6 TDCi 109 DPF Zetec S', 147),
	(1396, '1.6 TDCi 109 ECOnetic', 147),
	(1397, '1.6 TDCi 109 ECOnetic S/S', 147),
	(1398, '1.6 TDCi 110 DPF ECOnetic', 147),
	(1399, '1.6 TDCi 110 DPF Style', 147),
	(1400, '1.6 TDCi 110 DPF Titanium', 147),
	(1401, '1.6 TDCi 110 DPF Zetec', 147),
	(1402, '1.6 TDCi 110 DPF Zetec S', 147),
	(1403, '1.6 TDCi 90 ECOnetic', 147),
	(1404, '1.6 TDCi 90 Studio', 147),
	(1405, '1.6 TDCi 90 Studio DPF', 147),
	(1406, '1.6 TDCi 90 Style', 147),
	(1407, '1.6 TDCi 90 Style DPF', 147),
	(1408, '1.6 Titanium', 147),
	(1409, '1.6 Zetec', 147),
	(1410, '1.6 Zetec S', 147),
	(1411, '1.8 Style', 147),
	(1412, '1.8 TDCi Style', 147),
	(1413, '1.8 TDCi Titanium', 147),
	(1414, '1.8 TDCi Zetec', 147),
	(1415, '1.8 TDCi Zetec S', 147),
	(1416, '1.8 Titanium', 147),
	(1417, '1.8 Zetec', 147),
	(1418, '1.8 Zetec S', 147),
	(1419, '2.0 CC-2', 147),
	(1420, '2.0 CC-2 Auto', 147),
	(1421, '2.0 CC-3', 147),
	(1422, '2.0 TDCi 110 Titanium Auto', 147),
	(1423, '2.0 TDCi 110 Zetec Auto', 147),
	(1424, '2.0 TDCi 136 DPF Titanium', 147),
	(1425, '2.0 TDCi 136 Titanium', 147),
	(1426, '2.0 TDCi 136 Zetec', 147),
	(1427, '2.0 TDCi 136 Zetec S', 147),
	(1428, '2.0 TDCi CC-2', 147),
	(1429, '2.0 TDCi CC-3', 147),
	(1430, '2.0 Titanium', 147),
	(1431, '2.0 Zetec S', 147),
	(1432, '2.5 GGR RS370FR', 147),
	(1433, '2.5 RS', 147),
	(1434, '2.5 RS500', 147),
	(1435, '2.5 ST', 147),
	(1436, '2.5 ST-2', 147),
	(1437, '2.5 ST-3', 147),
	(1438, 'BEV', 147),
	(1439, '1.6 110 Edge', 148),
	(1440, '1.6 125 Edge', 148),
	(1441, '1.6 125 Zetec', 148),
	(1442, '1.8 TDCi 100 Edge', 148),
	(1443, '1.8 TDCi 125 ECOnetic', 148),
	(1444, '1.8 TDCi 125 Edge 5spd', 148),
	(1445, '1.8 TDCi 125 Edge 6spd', 148),
	(1446, '1.8 TDCi 125 Ghia', 148),
	(1447, '1.8 TDCi 125 Ghia 6spd', 148),
	(1448, '1.8 TDCi 125 Titanium', 148),
	(1449, '1.8 TDCi 125 Titanium X', 148),
	(1450, '1.8 TDCi 125 Titanium X 6spd', 148),
	(1451, '1.8 TDCi 125 Zetec 5spd', 148),
	(1452, '1.8 TDCi 125 Zetec 6spd', 148),
	(1453, '1.8 TDCi ECOnetic', 148),
	(1454, '2.0 145 Edge', 148),
	(1455, '2.0 145 Titanium', 148),
	(1456, '2.0 145 Titanium X', 148),
	(1457, '2.0 145 Zetec', 148),
	(1458, '2.0 203 Titanium Auto', 148),
	(1459, '2.0 203 Titanium X Auto', 148),
	(1460, '2.0 203 Titanium X Sport Auto', 148),
	(1461, '2.0 Edge', 148),
	(1462, '2.0 Ghia', 148),
	(1463, '2.0 TDCi 115 ECOnetic', 148),
	(1464, '2.0 TDCi 115 ECOnetic Titanium', 148),
	(1465, '2.0 TDCi 115 Edge', 148),
	(1466, '2.0 TDCi 115 Zetec', 148),
	(1467, '2.0 TDCi 140 Edge', 148),
	(1468, '2.0 TDCi 140 Ghia', 148),
	(1469, '2.0 TDCi 140 Titanium', 148),
	(1470, '2.0 TDCi 140 Titanium X', 148),
	(1471, '2.0 TDCi 140 Titanium X Sport', 148),
	(1472, '2.0 TDCi 140 Zetec', 148),
	(1473, '2.0 TDCi 163 Titanium', 148),
	(1474, '2.0 TDCi 163 Titanium X', 148),
	(1475, '2.0 TDCi 163 Titanium X Sport', 148),
	(1476, '2.0 TDCi 163 Zetec', 148),
	(1477, '2.0 Titanium', 148),
	(1478, '2.0 Titanium FFV', 148),
	(1479, '2.0 Titanium X', 148),
	(1480, '2.0 Zetec', 148),
	(1481, '2.0 Zetec FFV', 148),
	(1482, '2.2 TDCi 175 Ghia', 148),
	(1483, '2.2 TDCi 175 Titanium', 148),
	(1484, '2.2 TDCi 175 Titanium X', 148),
	(1485, '2.2 TDCi 175 Titanium X Sport', 148),
	(1486, '2.2 TDCi 175 Zetec', 148),
	(1487, '2.3 Ghia Auto', 148),
	(1488, '2.3 Titanium Auto', 148),
	(1489, '2.3 Titanium X Auto', 148),
	(1490, '2.3 Zetec Auto', 148),
	(1491, '2.5T Ghia', 148),
	(1492, '2.5T Titanium', 148),
	(1493, '2.5T Titanium X', 148),
	(1494, '2.5T Titanium X Sport', 148),
	(1495, '2.5 TDCi 4x2 Regular Cab', 149),
	(1496, '2.5 TDCi 4x2 Super Cab', 149),
	(1497, '2.5 TDCi 4x2 XL Single Cab', 149),
	(1498, '2.5 TDCi 4x2 XL Super Cab', 149),
	(1499, '2.5 TDCi 4x4 Double Cab', 149),
	(1500, '2.5 TDCi 4x4 Double Cab XLT', 149),
	(1501, '2.5 TDCi 4x4 Regular Cab', 149),
	(1502, '2.5 TDCi 4x4 Super Cab', 149),
	(1503, '2.5 TDCi 4x4 Super Cab Thunder', 149),
	(1504, '2.5 TDCi 4x4 Super Cab XLT', 149),
	(1505, '2.5 TDCi 4x4 Thunder DoubleCab', 149),
	(1506, '2.5 TDCi 4x4 Thunder Super Cab', 149),
	(1507, '2.5 TDCi 4x4 XL Double Cab', 149),
	(1508, '2.5 TDCi 4x4 XL Single Cab', 149),
	(1509, '2.5 TDCi 4x4 XL Super Cab', 149),
	(1510, '2.5 TDCi 4x4 XLT Double Cab', 149),
	(1511, '2.5 TDCi 4x4 XLT Super Cab', 149),
	(1512, '2.5TDCi 4x4 Double Cab Thunder', 149),
	(1513, '3.0 TDCi 4x4 Wildtrak DoubleCa', 149),
	(1514, '3.0TDCi 4x4 DoubleCab Wildtrak', 149),
	(1515, '1.8 TDCi 100 Edge', 150),
	(1516, '1.8 TDCi 125 5spd Edge', 150),
	(1517, '1.8 TDCi 125 5spd Zetec', 150),
	(1518, '1.8 TDCi 125 6sp Ghia', 150),
	(1519, '1.8 TDCi 125 6spd Edge', 150),
	(1520, '1.8 TDCi 125 6spd Ghia', 150),
	(1521, '1.8 TDCi 125 6spd Zetec', 150),
	(1522, '2.0 145 Titanium', 150),
	(1523, '2.0 145 Zetec', 150),
	(1524, '2.0 203 Titanium Auto', 150),
	(1525, '2.0 203 Titanium X Auto', 150),
	(1526, '2.0 Edge', 150),
	(1527, '2.0 FFV Ghia', 150),
	(1528, '2.0 Ghia', 150),
	(1529, '2.0 TDCI 115 Zetec', 150),
	(1530, '2.0 TDCI 140 Titanium', 150),
	(1531, '2.0 TDCI 140 Titanium X', 150),
	(1532, '2.0 TDCI 140 Zetec', 150),
	(1533, '2.0 TDCI 163 Titanium', 150),
	(1534, '2.0 TDCI 163 Titanium X', 150),
	(1535, '2.0 TDCi 140 Edge', 150),
	(1536, '2.0 TDCi 140 Ghia', 150),
	(1537, '2.0 TDCi 140 Zetec', 150),
	(1538, '2.0 Zetec', 150),
	(1539, '2.2 TDCi 175 Ghia', 150),
	(1540, '2.3 Edge Auto', 150),
	(1541, '2.3 Ghia Auto', 150),
	(1542, '2.3 Zetec Auto', 150),
	(1543, '1.2 Digital', 151),
	(1544, '1.2 Edge', 151),
	(1545, '1.2 Grand Prix', 151),
	(1546, '1.2 Studio', 151),
	(1547, '1.2 Style', 151),
	(1548, '1.2 Style+', 151),
	(1549, '1.2 Tattoo', 151),
	(1550, '1.2 Tattoo Premium', 151),
	(1551, '1.2 Titanium', 151),
	(1552, '1.2 Zetec', 151),
	(1553, '1.3 TDCi Titanium', 151),
	(1554, '1.3 TDCi Zetec', 151),
	(1555, '1.6 Style', 152),
	(1556, '1.6 TDCi 110 DPF Style', 152),
	(1557, '1.6 TDCi 110 DPF Titanium', 152),
	(1558, '1.6 TDCi 110 DPF Zetec', 152),
	(1559, '1.6 Zetec', 152),
	(1560, '1.8 Style', 152),
	(1561, '1.8 TDCi 115 Style', 152),
	(1562, '1.8 TDCi 115 Titanium', 152),
	(1563, '1.8 TDCi 115 Zetec', 152),
	(1564, '1.8 Titanium', 152),
	(1565, '1.8 Zetec', 152),
	(1566, '2.0 TDCi 136 DPF Titanium Auto', 152),
	(1567, '2.0 TDCi 136 DPF Zetec Auto', 152),
	(1568, '2.0 TDCi 136 Titanium', 152),
	(1569, '2.0 Titanium Auto', 152),
	(1570, '2.0 Zetec Auto', 152),
	(1571, '1.4 +', 153),
	(1572, '1.4 Style', 153),
	(1573, '1.4 Style +', 153),
	(1574, '1.4 Style Climate', 153),
	(1575, '1.4 TDCi +', 153),
	(1576, '1.4 TDCi Style', 153),
	(1577, '1.4 TDCi Style +', 153),
	(1578, '1.4 TDCi Style Climate', 153),
	(1579, '1.4 TDCi Zetec Climate', 153),
	(1580, '1.4 Zetec Climate', 153),
	(1581, '1.6 +', 153),
	(1582, '1.6 TDCi +', 153),
	(1583, '1.6 TDCi Titanium', 153),
	(1584, '1.6 TDCi Zetec Climate', 153),
	(1585, '1.6 Titanium', 153),
	(1586, '1.6 Zetec Climate', 153),
	(1587, '2.0 TDCi Titanium 2WD', 154),
	(1588, '2.0 TDCi Titanium 4WD', 154),
	(1589, '2.0 TDCi Zetec 2WD', 154),
	(1590, '2.0 TDCi Zetec 4WD', 154),
	(1591, '2.5 Titanium', 154),
	(1592, 'XR6 Turbo', 155),
	(1593, 'Grand C-Max', 156),
	(1594, 'GT500', 157),
	(1595, 'EV Prototype', 158),
	(1596, '4.2 V8', 159),
	(1597, '3.5 V6', 160),
	(1598, '6.2 V8 HSV Clubsport R8', 160),
	(1599, '6.2', 161),
	(1600, '7.0 V8', 162),
	(1601, '6.2 R8', 163),
	(1602, '2.0 i-VTEC ES', 164),
	(1603, '2.0 i-VTEC ES (07-09)', 164),
	(1604, '2.0 i-VTEC ES Adv Nav (07-09)', 164),
	(1605, '2.0 i-VTEC ES(Advanced Nav)', 164),
	(1606, '2.0 i-VTEC ES-T', 164),
	(1607, '2.0 i-VTEC EX', 164),
	(1608, '2.0 i-VTEC EX (07-09)', 164),
	(1609, '2.0 i-VTEC EX (Adv. Safety)', 164),
	(1610, '2.0 i-VTEC EX AdSafety (07-09)', 164),
	(1611, '2.0 i-VTEC EX(Advanced Safety)', 164),
	(1612, '2.0 i-VTEC S (07-09)', 164),
	(1613, '2.0 i-VTEC SE', 164),
	(1614, '2.0 i-VTEC SE (07-09)', 164),
	(1615, '2.0 i-VTEC SE-T', 164),
	(1616, '2.2 i-CTDi ES', 164),
	(1617, '2.2 i-CTDi ES (07-09)', 164),
	(1618, '2.2 i-CTDi ES Adv Nav (07-09)', 164),
	(1619, '2.2 i-CTDi ES(Advanced Nav)', 164),
	(1620, '2.2 i-CTDi EX', 164),
	(1621, '2.2 i-CTDi EX (07-09)', 164),
	(1622, '2.2 i-CTDi EX AdSafety (07-09)', 164),
	(1623, '2.2 i-CTDi EX(Advanced Safety)', 164),
	(1624, '2.2 i-CTDi S (07-09)', 164),
	(1625, '2.2 i-CTDi SE', 164),
	(1626, '2.2 i-CTDi SE (07-09)', 164),
	(1627, '2.2 i-CTDi SE + (07-09)', 164),
	(1628, '2.2 i-DTEC ES', 164),
	(1629, '2.2 i-DTEC ES-T', 164),
	(1630, '2.2 i-DTEC EX', 164),
	(1631, '2.2 i-DTEC EX (Adv. Safety)', 164),
	(1632, '2.2 i-DTEC EX Auto', 164),
	(1633, '2.2 i-DTEC SE', 164),
	(1634, '2.2 i-DTEC SE-T', 164),
	(1635, '3.5 V6 EX', 165),
	(1636, '3.5 V6 EX (18in alloys)', 165),
	(1637, '3.5 V6 EX (ADAS & 18in alloys)', 165),
	(1638, '3.5 V6 EX (ADAS & CMBS)', 165),
	(1639, '1.4  i-VTEC SE', 166),
	(1640, '1.4  i-VTEC SE-T', 166),
	(1641, '1.4  i-VTEC Si', 166),
	(1642, '1.4  i-VTEC Si-T', 166),
	(1643, '1.4 Type S', 166),
	(1644, '1.4 i-DSI SE', 166),
	(1645, '1.4 i-VTEC Hybrid ES', 166),
	(1646, '1.4 i-VTEC Hybrid EX', 166),
	(1647, '1.4 i-VTEC Type S', 166),
	(1648, '1.4 i-VTEC Type S-T', 166),
	(1649, '1.8 i-VTEC ES', 166),
	(1650, '1.8 i-VTEC ES GT', 166),
	(1651, '1.8 i-VTEC ES-T', 166),
	(1652, '1.8 i-VTEC EX', 166),
	(1653, '1.8 i-VTEC EX GT', 166),
	(1654, '1.8 i-VTEC S', 166),
	(1655, '1.8 i-VTEC SE', 166),
	(1656, '1.8 i-VTEC SE-T', 166),
	(1657, '1.8 i-VTEC Si', 166),
	(1658, '1.8 i-VTEC Si-T', 166),
	(1659, '1.8 i-VTEC Sport', 166),
	(1660, '1.8 i-VTEC Type S', 166),
	(1661, '1.8 i-VTEC Type S GT', 166),
	(1662, '1.8 i-VTEC Type S GT-T', 166),
	(1663, '2.0 Type R Championship White', 166),
	(1664, '2.0 Type R Mugen', 166),
	(1665, '2.0 i-VTEC Type R', 166),
	(1666, '2.0 i-VTEC Type R GT', 166),
	(1667, '2.0 i-VTEC Type R Mugen 200', 166),
	(1668, '2.2 i-CTDi ES', 166),
	(1669, '2.2 i-CTDi ES GT', 166),
	(1670, '2.2 i-CTDi ES-T', 166),
	(1671, '2.2 i-CTDi EX', 166),
	(1672, '2.2 i-CTDi EX GT', 166),
	(1673, '2.2 i-CTDi SE', 166),
	(1674, '2.2 i-CTDi SE-T', 166),
	(1675, '2.2 i-CTDi Si', 166),
	(1676, '2.2 i-CTDi Si-T', 166),
	(1677, '2.2 i-CTDi Sport', 166),
	(1678, '2.2 i-CTDi Type S', 166),
	(1679, '2.2 i-CTDi Type S GT', 166),
	(1680, '2.2 i-CTDi Type S GT-T', 166),
	(1681, 'Mugen', 166),
	(1682, '2.0 i-VTEC ES', 167),
	(1683, '2.0 i-VTEC ES GT', 167),
	(1684, '2.0 i-VTEC ES GT Nav', 167),
	(1685, '2.0 i-VTEC EX', 167),
	(1686, '2.2 i-DTEC 150 ES', 167),
	(1687, '2.2 i-DTEC 150 ES GT', 167),
	(1688, '2.2 i-DTEC 150 ES GT Nav', 167),
	(1689, '2.2 i-DTEC 150 EX', 167),
	(1690, '2.2 i-DTEC 150 EX ADAS', 167),
	(1691, '2.2 i-DTEC 150 EX GT', 167),
	(1692, '2.2 i-DTEC 150 EX GT ADAS', 167),
	(1693, '2.2 i-DTEC 150 EX Tech Pack', 167),
	(1694, '2.2 i-DTEC 180 Type S', 167),
	(1695, '2.2 i-DTEC 180 Type S (ADAS)', 167),
	(1696, '2.2 i-DTEC ES', 167),
	(1697, '2.2 i-DTEC ES GT', 167),
	(1698, '2.2 i-DTEC ES GT Nav', 167),
	(1699, '2.2 i-DTEC EX', 167),
	(1700, '2.2 i-DTEC EX ADAS', 167),
	(1701, '2.2 i-DTEC EX GT', 167),
	(1702, '2.2 i-DTEC EX GT ADAS', 167),
	(1703, '2.2 i-DTEC EX GT Tech Pack', 167),
	(1704, '2.2 i-DTEC EX Tech Pack', 167),
	(1705, '2.4 i-VTEC EX', 167),
	(1706, '2.4 i-VTEC EX ADAS', 167),
	(1707, '2.4 i-VTEC EX Tech Pack', 167),
	(1708, '1.8 i-VTEC ES', 168),
	(1709, '1.8 i-VTEC EX', 168),
	(1710, '1.8 i-VTEC SE', 168),
	(1711, '2.2 i-CTDi ES', 168),
	(1712, '2.2 i-CTDi EX', 168),
	(1713, '2.2 i-CTDi SE', 168),
	(1714, '1.2 S', 169),
	(1715, '1.2 S (VSA)', 169),
	(1716, '1.2 S-T', 169),
	(1717, '1.2 S-T (VSA)', 169),
	(1718, '1.2 SE', 169),
	(1719, '1.2 SE (VSA)', 169),
	(1720, '1.2 SE-T', 169),
	(1721, '1.2 SE-T (VSA)', 169),
	(1722, '1.2 Si', 169),
	(1723, '1.4 ES', 169),
	(1724, '1.4 ES-T', 169),
	(1725, '1.4 EX', 169),
	(1726, '1.4 EX-T', 169),
	(1727, '1.4 Si', 169),
	(1728, 'HR-V VTEC', 170),
	(1729, '1.3 ES', 171),
	(1730, '1.3 ES-T', 171),
	(1731, '1.3 S', 171),
	(1732, '1.3 SE', 171),
	(1733, '2.0', 172),
	(1734, '2.0 GT', 172),
	(1735, '100kw', 173),
	(1736, '3.7 Adventure', 174),
	(1737, '3.7 Luxury', 174),
	(1738, '3.7 SE', 174),
	(1739, '6.2 V8 Adventure', 175),
	(1740, '6.2 V8 Luxury', 175),
	(1741, '1.4 Classic', 176),
	(1742, '1.4 Comfort', 176),
	(1743, '1.4 ES', 176),
	(1744, '1.4 Edition', 176),
	(1745, '1.4 Style', 176),
	(1746, '1.6 Blue Drive', 176),
	(1747, '1.6 CRD 115 Edition', 176),
	(1748, '1.6 CRDi 115 Comfort', 176),
	(1749, '1.6 CRDi 115 Premium', 176),
	(1750, '1.6 CRDi 90 Classic', 176),
	(1751, '1.6 CRDi Comfort', 176),
	(1752, '1.6 CRDi Premium', 176),
	(1753, '1.6 CRDi Style', 176),
	(1754, '1.6 Comfort', 176),
	(1755, '1.6 Edition', 176),
	(1756, '1.6 Premium', 176),
	(1757, '1.6 Style', 176),
	(1758, '2.0 CRDi Premium', 176),
	(1759, '2.0 CRDi Style', 176),
	(1760, '1.1 ES', 177),
	(1761, '1.1 Edition', 177),
	(1762, '1.2 Classic', 177),
	(1763, '1.2 Comfort', 177),
	(1764, '1.2 Style', 177),
	(1765, '1.5 CRDi Classic', 178),
	(1766, '1.5 CRDi Comfort', 178),
	(1767, '1.5 CRTD Comfort', 178),
	(1768, '1.6 16v Classic', 178),
	(1769, '1.6 16v Comfort', 178),
	(1770, '1.6 16v Style', 178),
	(1771, '1.6 16v Style Auto', 178),
	(1772, '1.6 Comfort', 178),
	(1773, '2.0', 179),
	(1774, '2.0 CDX', 179),
	(1775, '2.0 CRDi Style', 179),
	(1776, '2.0 CRTD', 179),
	(1777, '2.0 CRTD CDX', 179),
	(1778, '2.0 Style', 179),
	(1779, '2.4 Premium Auto', 179),
	(1780, '2.2 CRDi Premium 5st', 180),
	(1781, '2.2 CRDi Premium 5st Auto', 180),
	(1782, '2.2 CRDi Premium 7st', 180),
	(1783, '2.2 CRDi Premium 7st Auto', 180),
	(1784, '2.2 CRDi Style 5st', 180),
	(1785, '2.2 CRDi Style 5st Auto', 180),
	(1786, '2.2 CRDi Style 7st', 180),
	(1787, '2.2 CRDi Style 7st Auto', 180),
	(1788, '2.2 CRTD 155 CDX 5st', 180),
	(1789, '2.2 CRTD 155 CDX 7st', 180),
	(1790, '2.2 CRTD 155 CDX+ 5st', 180),
	(1791, '2.2 CRTD 155 CDX+ 7st', 180),
	(1792, '2.2 CRTD 155 GSI 5st', 180),
	(1793, '2.2 CRTD 155 GSI 7st', 180),
	(1794, '2.2 CRTD 155 Limited 5st', 180),
	(1795, '2.2 CRTD 155 Limited 7st', 180),
	(1796, '2.2 CRTD Limited 5st 5dr 4x4', 180),
	(1797, '2.2 CRTD Limited 7st 5dr 4x4', 180),
	(1798, '1.2 Classic', 181),
	(1799, '1.2 Comfort', 181),
	(1800, '1.4 CRDi 74 Comfort', 181),
	(1801, '1.4 CRDi 89 Style', 181),
	(1802, '1.4 Comfort', 181),
	(1803, '1.4 Style', 181),
	(1804, '1.4D 74 Comfort', 181),
	(1805, '1.4D 89 Style', 181),
	(1806, '2.0 CRDi Premium 2WD Auto', 182),
	(1807, '2.0 CRDi Premium 4WD', 182),
	(1808, '2.0 CRDi Style 2WD', 182),
	(1809, '2.0 CRDi Style 4WD', 182),
	(1810, '2.0 Comfort 2WD', 182),
	(1811, '2.0 2WD Style', 183),
	(1812, '2.0 CRDi Premium 2WD', 183),
	(1813, '2.0 CRDi Premium 4WD', 183),
	(1814, '2.0 CRDi Style 2WD', 183),
	(1815, '2.0 CRDi Style 4WD', 183),
	(1816, '2.0 D 2WD Premium', 183),
	(1817, '2.0 D 2WD Style', 183),
	(1818, '2.0 D 4WD Premium', 183),
	(1819, '2.0 Style 2WD', 183),
	(1820, '2.0D Premium 2WD', 183),
	(1821, '2.0D Premium 4WD', 183),
	(1822, '2.0D Style 2WD', 183),
	(1823, '1.1 CDX', 184),
	(1824, '1.1 GSI', 184),
	(1825, '1.4 CDX', 184),
	(1826, '1.4 GSI', 184),
	(1827, '3.3 V6', 185),
	(1828, '2.0 SIII', 186),
	(1829, '2.0 TSIII', 186),
	(1830, '4.6 V8', 187),
	(1831, '1.4i Atlantic', 188),
	(1832, '2.5 CRDi Style', 189),
	(1833, '2.5 CRDi Style****', 189),
	(1834, 'i40', 190),
	(1835, 'Arnejs', 191),
	(1836, '2.0', 192),
	(1837, '3.0d', 193),
	(1838, '3.7 V6', 193),
	(1839, '3.7 V6 37', 193),
	(1840, '3.7 V6 37GT', 193),
	(1841, '3.7 V6 37 GT Premium', 194),
	(1842, '3.7 V6 G37', 194),
	(1843, '3.7 V6 G37 AWD', 194),
	(1844, '3.7 V6 G37 AWD GT', 194),
	(1845, '3.7 V6 G37 GT', 194),
	(1846, '3.7 V6 G37 GT Premium', 194),
	(1847, '3.7 V6 G37 S', 194),
	(1848, '3.7 V6 G37 S Premium', 194),
	(1849, '3.7 V6 G37x 4WD', 194),
	(1850, '3.7 V6 G37x 4WD GT', 194),
	(1851, '3.7 V6 G37x 4WD GT Premium', 194),
	(1852, 'G37', 194),
	(1853, 'G37 GT', 194),
	(1854, 'G37 S', 194),
	(1855, '3.0d', 195),
	(1856, '3.7 V6', 195),
	(1857, '3.7 V6 37GT', 195),
	(1858, '3.7 V6 37GT Multimedia+', 195),
	(1859, '3.7 V6 37S', 195),
	(1860, '3.7 V6 37S Multimedia+', 195),
	(1861, '3.7 V6 Limited Edition', 195),
	(1862, '3.7 V6 S', 195),
	(1863, '5.0 V8', 195),
	(1864, '5.0 V8 50S', 195),
	(1865, '5.0 V8 Limited Edition', 195),
	(1866, '5.0 V8 S', 195),
	(1867, 'S1-320', 196),
	(1868, 'S1-420', 196),
	(1869, 'S1-600', 196),
	(1870, '2.5TD 4x2 Single Cab', 197),
	(1871, '2.5TD Double Cab', 197),
	(1872, '2.5TD Double Cab Denver Max', 197),
	(1873, '2.5TD Double Cab Denver Max LE', 197),
	(1874, '3.0CRD Dble Cab Denver Max LE', 197),
	(1875, '3.0TD Double Cab Denver', 197),
	(1876, '3.0TD Double Cab Denver Max', 197),
	(1877, '3.0 HTP', 198),
	(1878, '2.7 TDVi Executive', 199),
	(1879, '2.7 TDVi Executive LWB', 199),
	(1880, '2.7 TDVi Sovereign', 199),
	(1881, '2.7 TDVi Sovereign LWB', 199),
	(1882, '3.0D V6 Luxury', 199),
	(1883, '3.0D V6 Luxury LWB', 199),
	(1884, '3.0D V6 Portfolio', 199),
	(1885, '3.0D V6 Portfolio LWB', 199),
	(1886, '3.0D V6 Premium Luxury', 199),
	(1887, '3.0D V6 Premium Luxury LWB', 199),
	(1888, '4.2 V8 Sovereign', 199),
	(1889, '4.2 V8 Sovereign LWB', 199),
	(1890, '4.2 V8 Soveriegn LWB', 199),
	(1891, '4.2 V8 Super', 199),
	(1892, '4.2 V8 Super LWB', 199),
	(1893, '4.2 V8 XJR', 199),
	(1894, '5.0 V8 Portfolio', 199),
	(1895, '5.0 V8 Portfolio LWB', 199),
	(1896, '5.0 V8 Premium Luxury', 199),
	(1897, '5.0 V8 Premium Luxury LWB', 199),
	(1898, '5.0 V8 Supersport', 199),
	(1899, '5.0 V8 Supersport LWB', 199),
	(1900, '2.0D S', 200),
	(1901, '2.0D SE', 200),
	(1902, '2.0D Sovereign', 200),
	(1903, '2.0D Sport Premium', 200),
	(1904, '2.2D S', 200),
	(1905, '2.2D SE', 200),
	(1906, '2.2D Sovereign', 200),
	(1907, '2.2D Sport Premium', 200),
	(1908, '3.0 V6 Sovereign Auto', 200),
	(1909, '3.0 V6 Sport Premium Auto', 200),
	(1910, '5.0 V8', 201),
	(1911, '5.0 V8 Portfolio', 201),
	(1912, '5.0 V8 R', 201),
	(1913, '5.0 V8 R Speed & Black Pack', 201),
	(1914, '5.0 V8 R Speed Pack', 201),
	(1915, '5.0 V8 XK', 201),
	(1916, '5.0 V8 XK Portfolio', 201),
	(1917, '5.0 V8 XKR', 201),
	(1918, '2.7D V6 Premium Luxury', 202),
	(1919, '3.0 V6 Luxury', 202),
	(1920, '3.0 V6 Premium Luxury', 202),
	(1921, '3.0D S V6 Luxury', 202),
	(1922, '3.0D S V6 Portfolio', 202),
	(1923, '3.0D S V6 Premium Luxury', 202),
	(1924, '3.0D V6 Luxury', 202),
	(1925, '3.0D V6 Portfolio', 202),
	(1926, '3.0D V6 Premium Luxury', 202),
	(1927, '5.0 V8 Portfolio', 202),
	(1928, '5.0 V8 XFR', 202),
	(1929, '4.2 V8', 203),
	(1930, '2.8 CRD Sahara Auto', 204),
	(1931, '2.8 CRD Sahara Unlimited', 204),
	(1932, '2.8 CRD Sahara Unlimited Auto', 204),
	(1933, '2.8 CRD Sport', 204),
	(1934, '2.8 CRD Sport Unlimited', 204),
	(1935, '2.8 CRD Ultimate Auto', 204),
	(1936, '2.8CRD Ultimate Unlimited Auto', 204),
	(1937, '3.8 V6 Rubicon', 204),
	(1938, '2.0 CRD Limited', 205),
	(1939, '2.0 CRD Sport', 205),
	(1940, '2.4 Limited', 205),
	(1941, '2.4 Limited CVT', 205),
	(1942, '2.4 S-Limited', 205),
	(1943, '2.4 Sport', 205),
	(1944, '2.0 CRD Limited', 206),
	(1945, '2.4 Limited', 206),
	(1946, '3.0 V6 CRD', 207),
	(1947, '3.0 V6 CRD Limited', 207),
	(1948, '3.0 V6 CRD Overland', 207),
	(1949, '3.0 V6 CRD Overland Tech', 207),
	(1950, '3.0 V6 CRD S-Limited', 207),
	(1951, '6.1 V8 SRT-8', 207),
	(1952, '2.8 CRD Limited', 208),
	(1953, '3.0 V6 CRD Limited', 209),
	(1954, '2.0', 210),
	(1955, '2.0 ABT Sportsline 300', 211),
	(1956, '2.0 Clubsport', 211),
	(1957, '2.0 Street', 211),
	(1958, '2.0 Superlight', 211),
	(1959, '1.6 CRDi 2', 212),
	(1960, '1.6 CRDi Burner', 212),
	(1961, '1.6 CRDi Samba', 212),
	(1962, '1.6 CRDi Shaker', 212),
	(1963, '1.6 CRDi Tempest', 212),
	(1964, '1.6i 1', 212),
	(1965, '1.6i 2', 212),
	(1966, '1.6i Samba', 212),
	(1967, '1.6i Shaker', 212),
	(1968, '1.6i Tempest', 212),
	(1969, '1.6 GS 5st', 213),
	(1970, '1.6 S 5st', 213),
	(1971, '2.0 CRDi GS 5st', 213),
	(1972, '2.0 CRDi GS 7st', 213),
	(1973, '2.0 CRDi LS 7st', 213),
	(1974, '2.0i GS 5st', 213),
	(1975, '2.0i GS 7st', 213),
	(1976, '2.0i S 5st', 213),
	(1977, '2.2 CRDi 1', 214),
	(1978, '2.2 CRDi 2', 214),
	(1979, '2.2 CRDi 3', 214),
	(1980, '2.7 V6 GS', 214),
	(1981, '2.9 CRDi GS', 214),
	(1982, '2.9 CRDi LS', 214),
	(1983, '2.9 CRDi TS', 214),
	(1984, '1.0', 215),
	(1985, '1.0 1', 215),
	(1986, '1.1 2', 215),
	(1987, '1.1 3', 215),
	(1988, '1.1 Chill', 215),
	(1989, '1.1 Graphite', 215),
	(1990, '1.1 Strike', 215),
	(1991, '1.4 90 1', 216),
	(1992, '1.4 90 2', 216),
	(1993, '1.4 90 3', 216),
	(1994, '1.4 CRDi 90 EcoDynamics 1', 216),
	(1995, '1.4 CRDi 90 EcoDynamics 2', 216),
	(1996, '1.4 CRDi 90 EcoDynamics 3', 216),
	(1997, '1.6 125 2 Auto', 216),
	(1998, '1.6 CRDi 128', 216),
	(1999, 'EV Concept', 216),
	(2000, '2.0 CRDi Titan 4WD', 217),
	(2001, '2.0 CRDi XE 2WD', 217),
	(2002, '2.0 CRDi XE 4WD', 217),
	(2003, '2.0 CRDi XS 2WD', 217),
	(2004, '2.0 CRDi XS 4WD', 217),
	(2005, '2.0 XE 2WD', 217),
	(2006, '2.0 XE 4WD', 217),
	(2007, '2.0 XS 4WD', 217),
	(2008, '1.4 1', 218),
	(2009, '1.4 90 Ecodynamics', 218),
	(2010, '1.4 GS', 218),
	(2011, '1.4 S', 218),
	(2012, '1.4 SR-7', 218),
	(2013, '1.6 1 Auto', 218),
	(2014, '1.6 126 Ecodynamics', 218),
	(2015, '1.6 2', 218),
	(2016, '1.6 3', 218),
	(2017, '1.6 CRDi 113 LS', 218),
	(2018, '1.6 CRDi 115 2', 218),
	(2019, '1.6 CRDi 115 3', 218),
	(2020, '1.6 CRDi 115 Ecodynamics', 218),
	(2021, '1.6 CRDi 89 1', 218),
	(2022, '1.6 CRDi 89 Ecodynamics 2', 218),
	(2023, '1.6 CRDi 89 GS', 218),
	(2024, '1.6 CRDi 89 S', 218),
	(2025, '1.6 CRDi 90 Ecodynamics', 218),
	(2026, '1.6 GS', 218),
	(2027, '1.6 LS', 218),
	(2028, '1.6 S', 218),
	(2029, '1.6 SR-7', 218),
	(2030, '2.0 143', 218),
	(2031, '2.0 CRDi 140', 218),
	(2032, '2.0 CRDi Sport', 218),
	(2033, '1.4', 219),
	(2034, '1.4 1', 219),
	(2035, '1.4 2', 219),
	(2036, '1.4 3', 219),
	(2037, '1.4 Chill', 219),
	(2038, '1.4 Graphite', 219),
	(2039, '1.4 Strike', 219),
	(2040, '1.5 CRDi 1', 219),
	(2041, '1.5 CRDi 2', 219),
	(2042, '1.5 CRDi 3', 219),
	(2043, '1.5 CRDi Chill', 219),
	(2044, '1.5 CRDi Graphite', 219),
	(2045, '1.5 CRDi Sport', 219),
	(2046, '1.5 CRDi Strike', 219),
	(2047, '1.6 Sport', 219),
	(2048, '2.2 CRDi 1 2WD', 220),
	(2049, '2.2 CRDi KX-1 4WD', 220),
	(2050, '2.2 CRDi KX-2 4WD', 220),
	(2051, '2.2 CRDi KX-3 4WD Auto', 220),
	(2052, '2.4 1 2WD', 220),
	(2053, '2.5 CRDi  TITAN', 220),
	(2054, '2.5 CRDi  Titan', 220),
	(2055, '2.5 CRDi XE', 220),
	(2056, '2.5 CRDi XS', 220),
	(2057, '2.5 CRDi XT', 220),
	(2058, '3.3 V6 XT', 220),
	(2059, '1.4 1', 221),
	(2060, '1.4 16v ZR-7', 221),
	(2061, '1.6 16v 2', 221),
	(2062, '1.6 16v 3', 221),
	(2063, '1.6 2', 221),
	(2064, '1.6 3', 221),
	(2065, '1.6 CRDi 113 2', 221),
	(2066, '1.6 CRDi 113 3', 221),
	(2067, '1.6 CRDi 2 89', 221),
	(2068, '1.6 CRDi 3 113', 221),
	(2069, '1.6 CRDi 89 Ecodynamics 2', 221),
	(2070, '2.0 CRDi Sport', 221),
	(2071, '2.0 CRDi TR', 222),
	(2072, 'YN', 223),
	(2073, '4.7 V8', 224),
	(2074, '6.5 V12 LP640', 225),
	(2075, '6.5 V12 SV', 225),
	(2076, 'LP640', 225),
	(2077, 'SV', 225),
	(2078, '5.0 V10', 226),
	(2079, '5.2 V10 LP550-2', 226),
	(2080, '5.2 V10 LP560-4', 226),
	(2081, '5.2 V10 LP570-4 Superleggera', 226),
	(2082, '1.9 Multijet', 227),
	(2083, '110 2.4D County Hard Top', 228),
	(2084, '110 2.4D County Pick Up', 228),
	(2085, '110 2.4D County Pick Up Double', 228),
	(2086, '110 2.4D County Pick Up Hi Cap', 228),
	(2087, '110 2.4D County Station Wagon', 228),
	(2088, '110 2.4D Hard Top', 228),
	(2089, '110 2.4D Pick Up', 228),
	(2090, '110 2.4D Pick Up Double Cab', 228),
	(2091, '110 2.4D Pick Up High Capacity', 228),
	(2092, '110 2.4D Station Wagon', 228),
	(2093, '110 2.4D XS Pick Up Double Cab', 228),
	(2094, '110 2.4D XS Station Wagon', 228),
	(2095, '130 2.4D County Double Cab', 228),
	(2096, '130 2.4D Pick Up Double Cab', 228),
	(2097, '90 2.4D County Hard Top', 228),
	(2098, '90 2.4D County Pick Up', 228),
	(2099, '90 2.4D County Station Wagon', 228),
	(2100, '90 2.4D Hard Top', 228),
	(2101, '90 2.4D Pick Up', 228),
	(2102, '90 2.4D SVX Soft-Top', 228),
	(2103, '90 2.4D SVX Station Wagon', 228),
	(2104, '90 2.4D Station Wagon', 228),
	(2105, '90 2.4D XS Station Wagon', 228),
	(2106, '2.7 TDV6 GS', 229),
	(2107, '2.7 TDV6 HSE Auto', 229),
	(2108, '2.7 TDV6 SE Auto', 229),
	(2109, '2.7 TDV6 XS (Leather)', 229),
	(2110, '3.0 TDV6 GS', 229),
	(2111, '3.0 TDV6 HSE', 229),
	(2112, '3.0 TDV6 XS', 229),
	(2113, '2.7 TDV6 HSE', 230),
	(2114, '2.7 TDV6 S', 230),
	(2115, '2.7 TDV6 SE', 230),
	(2116, '3.0 TDV6 HSE', 230),
	(2117, '3.0 TDV6 SE', 230),
	(2118, '3.6 TDV8 Autobiography', 230),
	(2119, '3.6 TDV8 HSE', 230),
	(2120, '3.6 TDV8 HST', 230),
	(2121, '4.2 V8 Supercharged HSE', 230),
	(2122, '4.2 V8 Supercharged HST', 230),
	(2123, '5.0 V8 Scharged Autobiography', 230),
	(2124, '5.0 V8 Supercharged HSE', 230),
	(2125, 'Kahn Cosworth Sport RST 300', 230),
	(2126, '2.2 TD4 GS Auto', 231),
	(2127, '2.2 TD4 HSE Auto', 231),
	(2128, '2.2 TD4 S Auto', 231),
	(2129, '2.2 TD4 Sport Auto', 231),
	(2130, '2.2 TD4 XS Auto', 231),
	(2131, '2.2 TD4e Black', 231),
	(2132, '2.2 TD4e GS', 231),
	(2133, '2.2 TD4e HSE', 231),
	(2134, '2.2 TD4e S', 231),
	(2135, '2.2 TD4e Sport', 231),
	(2136, '2.2 TD4e Sport (Styling Pack)', 231),
	(2137, '2.2 TD4e White', 231),
	(2138, '2.2 TD4e XS', 231),
	(2139, '3.6 TDV8 Autobiography', 232),
	(2140, '3.6 TDV8 HSE Auto', 232),
	(2141, '3.6 TDV8 Vogue', 232),
	(2142, '3.6 TDV8 Vogue Auto', 232),
	(2143, '3.6 TDV8 Vogue SE', 232),
	(2144, '4.2 V8 Scharged Autobiography', 232),
	(2145, '5.0 V8', 232),
	(2146, '5.0 V8 Scharged Autobiography', 232),
	(2147, 'RT', 233),
	(2148, '300', 234),
	(2149, '300 SE', 234),
	(2150, '300 SE (Sunroof)', 234),
	(2151, '300 SE-L', 234),
	(2152, '300 SE-L (ACC/PCS+SR)', 234),
	(2153, '450h', 234),
	(2154, '450h 2010', 234),
	(2155, '450h SE', 234),
	(2156, '450h SE (Sunroof)', 234),
	(2157, '450h SE-L', 234),
	(2158, '450h SE-L (ACC/PCS+SR)', 234),
	(2159, '450h Sport', 234),
	(2160, '460', 234),
	(2161, '350', 235),
	(2162, '350 (Ice Pk)', 235),
	(2163, '350 LE', 235),
	(2164, '350 LE (Multimedia Pk)', 235),
	(2165, '350 SE', 235),
	(2166, '350 SE (Ice Pk)', 235),
	(2167, '350 SE (Multimedia + Ice Pk)', 235),
	(2168, '350 SE (Multimedia Pk)', 235),
	(2169, '350 SE-L', 235),
	(2170, '400h', 235),
	(2171, '400h (Ice Pk)', 235),
	(2172, '400h Executive LE', 235),
	(2173, '400h LE', 235),
	(2174, '400h SE', 235),
	(2175, '400h SE (Ice Pk)', 235),
	(2176, '400h SE (Multimedia)', 235),
	(2177, '400h SE-L', 235),
	(2178, '400h SR', 235),
	(2179, '400h SR (Ice)', 235),
	(2180, '400h SR (Multimedia +Ice)', 235),
	(2181, '400h SR (Multimedia)', 235),
	(2182, '450h SE', 235),
	(2183, '450h SE Nav', 235),
	(2184, '450h SE-I', 235),
	(2185, '450h SE-L', 235),
	(2186, '450h SE-L Premium', 235),
	(2187, '220d 2.2 F-Sport', 236),
	(2188, '220d 2.2 F-Sport (Multimedia)', 236),
	(2189, '220d 2.2 SE', 236),
	(2190, '220d 2.2 SE (Navigation)', 236),
	(2191, '220d 2.2 SE Nav', 236),
	(2192, '220d 2.2 SE-I', 236),
	(2193, '220d 2.2 SE-I (Navigation)', 236),
	(2194, '220d 2.2 SE-I (Sunroof)', 236),
	(2195, '220d 2.2 SE-I (Sunroof+Nav)', 236),
	(2196, '220d 2.2 SE-I Nav', 236),
	(2197, '220d 2.2 SE-L', 236),
	(2198, '220d 2.2 SE-L (Multimedia)', 236),
	(2199, '220d 2.2 SE-L (SR+Multimedia)', 236),
	(2200, '220d 2.2 SE-L (Sunroof)', 236),
	(2201, '220d 2.2 SE-L Multimedia', 236),
	(2202, '250 2.5 F-Sport (Multimedia)', 236),
	(2203, '250 2.5 F-Sport Auto', 236),
	(2204, '250 2.5 SE', 236),
	(2205, '250 2.5 SE (Navigation)', 236),
	(2206, '250 2.5 SE-I', 236),
	(2207, '250 2.5 SE-I (Navigation)', 236),
	(2208, '250 2.5 SE-I (Sunroof)', 236),
	(2209, '250 2.5 SE-I (Sunroof+Nav)', 236),
	(2210, '250 2.5 SE-L', 236),
	(2211, '250 2.5 SE-L (Multimedia)', 236),
	(2212, '250 2.5 SE-L (Multimedia) Auto', 236),
	(2213, '250 2.5 SE-L (SR+Multimedia)', 236),
	(2214, '250 2.5 SE-L (Sunroof)', 236),
	(2215, '250 2.5 SE-L Auto', 236),
	(2216, '250C SE-I', 236),
	(2217, '250C SE-I Nav', 236),
	(2218, '250C SE-L', 236),
	(2219, '250C SE-L ACC/PCS', 236),
	(2220, '5.0 V8 F', 236),
	(2221, '5.0 V8 F (LSD)', 236),
	(2222, '5.0 V8 F (LSD) (Sunroof)', 236),
	(2223, '5.0 V8 F (Sunroof)', 236),
	(2224, '400', 237),
	(2225, '460', 237),
	(2226, '460 AWD', 237),
	(2227, '460 SE', 237),
	(2228, '460 SE-L', 237),
	(2229, '600h', 237),
	(2230, '600h 2010', 237),
	(2231, '600h L', 237),
	(2232, '600h L (Rear Relaxation Pack)', 237),
	(2233, '430', 238),
	(2234, '4.8', 239),
	(2235, '5.0', 239),
	(2236, 'GT500', 240),
	(2237, '1.8', 241),
	(2238, '1.8 187bhp', 242),
	(2239, '1.8 252bhp Launch Edition', 242),
	(2240, '3.5 V6', 243),
	(2241, '3.5 V6 + 2', 243),
	(2242, '3.5 V6 Launch Edition', 243),
	(2243, '1.8 Cup 260', 244),
	(2244, '1.8 Cup 260 (2010)', 244),
	(2245, '1.8 S', 244),
	(2246, '1.8 S Performance', 244),
	(2247, '1.8 S Sport', 244),
	(2248, '1.8 S Touring', 244),
	(2249, '1.8i S', 244),
	(2250, '1.8i S Performance', 244),
	(2251, '1.8i S Sport', 244),
	(2252, '1.8i S Touring', 244),
	(2253, '1.6 S', 245),
	(2254, '1.8 Club Racer', 245),
	(2255, '1.8 ECO', 245),
	(2256, '1.8 R', 245),
	(2257, '1.8 R (06-09)', 245),
	(2258, '1.8 R Sport', 245),
	(2259, '1.8 R Sport Touring', 245),
	(2260, '1.8 R Touring', 245),
	(2261, '1.8 S', 245),
	(2262, '1.8 S (06-09)', 245),
	(2263, '1.8 S Sport', 245),
	(2264, '1.8 S Sport Touring', 245),
	(2265, '1.8 S Touring', 245),
	(2266, '1.8 SC', 245),
	(2267, '1.8 SC (06-09)', 245),
	(2268, '1.8 SC Sport', 245),
	(2269, '1.8 SC Sport Touring', 245),
	(2270, '1.8 SC Touring', 245),
	(2271, '2.0 200', 246),
	(2272, '2.0 225 SE', 246),
	(2273, 'MBR V8', 247),
	(2274, '1.8 135', 248),
	(2275, '1.8 85th Anniversary', 248),
	(2276, '1.8 LE500', 248),
	(2277, 'LE500', 248),
	(2278, '1.8', 249),
	(2279, '1.8 Turbo', 249),
	(2280, 'TS250', 250),
	(2281, 'TS500', 250),
	(2282, 'GT2', 251),
	(2283, '2.0', 252),
	(2284, '4.2 V8', 253),
	(2285, '4.7 V8 S', 253),
	(2286, '4.7 V8 S Automatic', 253),
	(2287, 'Spyder', 254),
	(2288, '4.7 V8', 255),
	(2289, '4.7 V8 GT S', 256),
	(2290, '4.7 V8 S', 256),
	(2291, '6.0 V12', 257),
	(2292, '2.0T', 258),
	(2293, '5.5 V12', 259),
	(2294, '6.0 V12 S', 259),
	(2295, '5.5 V12', 260),
	(2296, '6.0 V12 S', 260),
	(2297, '1.3 75 TS (AC)', 261),
	(2298, '1.3 86 TS2', 261),
	(2299, '1.3 86 Tamura', 261),
	(2300, '1.4D 68 TS2', 261),
	(2301, '1.4D TS2', 261),
	(2302, '1.5 Sport', 261),
	(2303, '1.6D 90 Sport', 261),
	(2304, '1.4 S', 262),
	(2305, '1.4 S (AC)', 262),
	(2306, '1.6 S', 262),
	(2307, '1.6 Sport', 262),
	(2308, '1.6 Sport Nav', 262),
	(2309, '1.6 TS', 262),
	(2310, '1.6 TS2', 262),
	(2311, '1.6 TS2 Nav', 262),
	(2312, '1.6 Takara', 262),
	(2313, '1.6 Tamura', 262),
	(2314, '1.6D 109 Takara', 262),
	(2315, '1.6D 90 S', 262),
	(2316, '1.6D 90 S (AC)', 262),
	(2317, '1.6D TS', 262),
	(2318, '1.6D TS2', 262),
	(2319, '1.6D TS2 Nav', 262),
	(2320, '2.0 Sport', 262),
	(2321, '2.0 Sport i-stop', 262),
	(2322, '2.0 TS2 Auto', 262),
	(2323, '2.0 TS2 Nav Auto', 262),
	(2324, '2.0D Sport', 262),
	(2325, '2.2D 150 Sport', 262),
	(2326, '2.2D 150 Sport Nav', 262),
	(2327, '2.2D 185 Sport', 262),
	(2328, '2.3 MPS', 262),
	(2329, '2.3 MPS (Sports Aero Kit)', 262),
	(2330, '1.8 S', 263),
	(2331, '1.8 TS', 263),
	(2332, '2.0 TS', 263),
	(2333, '2.0 TS2', 263),
	(2334, '2.0 Tamura', 263),
	(2335, '2.2D 123 S', 263),
	(2336, '2.2D 123 TS', 263),
	(2337, '2.2D 125 S', 263),
	(2338, '2.2D 125 TS', 263),
	(2339, '2.2D 161 TS', 263),
	(2340, '2.2D 161 TS2', 263),
	(2341, '2.2D 163 TS', 263),
	(2342, '2.2D 163 TS2', 263),
	(2343, '2.2D 182 Sport', 263),
	(2344, '2.2D 182 Sports Luxury', 263),
	(2345, '2.2D 185 Sport', 263),
	(2346, '2.2D 185 Sports Luxury', 263),
	(2347, '2.5 Sport', 263),
	(2348, '2.5 Sports Luxury', 263),
	(2349, '2.5D 2WD Single Cab', 264),
	(2350, '2.5D 4WD Double Cab TS', 264),
	(2351, '2.5D 4WD Double Cab TS2', 264),
	(2352, '2.5D 4WD Single Cab', 264),
	(2353, '3.0D 4WD Double Cab Intrepid', 264),
	(2354, '1.8 TS', 265),
	(2355, '1.8 TS2', 265),
	(2356, '1.8 Takara', 265),
	(2357, '2.0 Furano', 265),
	(2358, '2.0 Sport', 265),
	(2359, '2.0 Sport Luxury', 265),
	(2360, '2.0 Sport Nav', 265),
	(2361, '2.0 Sport Nav Luxury', 265),
	(2362, '2.0 TS2', 265),
	(2363, '2.0 Takara Auto', 265),
	(2364, '2.0D 110 TS', 265),
	(2365, '2.0D 110 TS2', 265),
	(2366, '2.0D 110 Takara', 265),
	(2367, '2.0D 143 Furano', 265),
	(2368, '2.0D 143 Sport', 265),
	(2369, '2.0D 143 Sport Luxury', 265),
	(2370, '2.0D 143 Sport Nav', 265),
	(2371, '2.0D 143 Sport Nav Luxury', 265),
	(2372, '1.8i 20th Anniversary', 266),
	(2373, '1.8i SE', 266),
	(2374, '1.8i SE (AC)', 266),
	(2375, '1.8i Superlight', 266),
	(2376, '2.0i Powershift', 266),
	(2377, '2.0i SE', 266),
	(2378, '2.0i SE (AC)', 266),
	(2379, '2.0i SE (AC) 5spd', 266),
	(2380, '2.0i SE 5spd', 266),
	(2381, '2.0i Sport', 266),
	(2382, '2.0i Sport Tech', 266),
	(2383, '2.0i Sport Tech 6spd', 266),
	(2384, 'Barracuda Double Cab 4x4', 267),
	(2385, 'Double Cab 4x4', 267),
	(2386, 'Single Cab 4x2', 267),
	(2387, 'Single Cab 4x4', 267),
	(2388, 'R3', 268),
	(2389, '2.2D Sport Tech', 269),
	(2390, '2.3 T', 269),
	(2391, '3.8 V8', 270),
	(2392, '5.7 V8', 271),
	(2393, 'S320 CDI', 272),
	(2394, 'S320L CDI', 272),
	(2395, 'S350', 272),
	(2396, 'S350 4Matic', 272),
	(2397, 'S350 CDI 4Matic', 272),
	(2398, 'S350 CDI BlueEFF.', 272),
	(2399, 'S350L', 272),
	(2400, 'S350L 4Matic', 272),
	(2401, 'S350L CDI 4Matic', 272),
	(2402, 'S350L CDI BlueEFF.', 272),
	(2403, 'S400 Hybrid', 272),
	(2404, 'S400 Hybrid Drive', 272),
	(2405, 'S400L Hybrid', 272),
	(2406, 'S450', 272),
	(2407, 'S450 4Matic', 272),
	(2408, 'S450 CDI', 272),
	(2409, 'S450L', 272),
	(2410, 'S450L 4Matic', 272),
	(2411, 'S450L CDI', 272),
	(2412, 'S500', 272),
	(2413, 'S500 4Matic', 272),
	(2414, 'S500L', 272),
	(2415, 'S500L 4Matic', 272),
	(2416, 'S600L', 272),
	(2417, 'S63 AMG', 272),
	(2418, 'S63 AMG (08-09)', 272),
	(2419, 'S63L AMG', 272),
	(2420, 'S65L AMG', 272),
	(2421, 'E200 CDI BlueEFF. Avantgarde', 273),
	(2422, 'E200 CDI BlueEFF. SE', 273),
	(2423, 'E200 CDI BlueEFF. Sport', 273),
	(2424, 'E200 CGI', 273),
	(2425, 'E200 CGI BlueEFF. Avantgarde', 273),
	(2426, 'E200 CGI BlueEFF. SE', 273),
	(2427, 'E200 CGI BlueEFF. Sport', 273),
	(2428, 'E200K Avantgarde', 273),
	(2429, 'E200K Classic', 273),
	(2430, 'E200K Elegance', 273),
	(2431, 'E200K Sport', 273),
	(2432, 'E220 CDI Avantgarde', 273),
	(2433, 'E220 CDI BlueEFF. Avantgarde', 273),
	(2434, 'E220 CDI BlueEFF. SE', 273),
	(2435, 'E220 CDI BlueEFF. Sport', 273),
	(2436, 'E220 CDI Classic', 273),
	(2437, 'E220 CDI Elegance', 273),
	(2438, 'E250 CDI', 273),
	(2439, 'E250 CDI BlueEFF. Avantgarde', 273),
	(2440, 'E250 CDI BlueEFF. SE', 273),
	(2441, 'E250 CDI BlueEFF. SE Automatic', 273),
	(2442, 'E250 CDI BlueEFF. Sport', 273),
	(2443, 'E250 CDI BlueEff. Avantgarde', 273),
	(2444, 'E250 CDI BlueEff. SE', 273),
	(2445, 'E250 CDI BlueEff. Sport', 273),
	(2446, 'E250 CGI', 273),
	(2447, 'E250 CGI BlueEFF.', 273),
	(2448, 'E250 CGI BlueEFF. Avantgarde', 273),
	(2449, 'E250 CGI BlueEFF. SE', 273),
	(2450, 'E250 CGI BlueEFF. Sport', 273),
	(2451, 'E280 Avantgarde', 273),
	(2452, 'E280 CDI Avantgarde', 273),
	(2453, 'E280 CDI Classic', 273),
	(2454, 'E280 CDI Elegance', 273),
	(2455, 'E280 CDI Sport', 273),
	(2456, 'E280 Classic', 273),
	(2457, 'E280 Elegance', 273),
	(2458, 'E280 Sport', 273),
	(2459, 'E320 CDI Avantgarde', 273),
	(2460, 'E320 CDI Elegance', 273),
	(2461, 'E320 CDI Sport', 273),
	(2462, 'E350 CDI', 273),
	(2463, 'E350 CDI BlueEFF. 4Matic', 273),
	(2464, 'E350 CDI BlueEFF. Avantgarde', 273),
	(2465, 'E350 CDI BlueEFF. SE', 273),
	(2466, 'E350 CDI BlueEFF. Sport', 273),
	(2467, 'E350 CDI BlueEff. Avantgarde', 273),
	(2468, 'E350 CDI BlueEff. Sport', 273),
	(2469, 'E350 CGI', 273),
	(2470, 'E350 CGI Avantgarde', 273),
	(2471, 'E350 CGI BlueEFF. Avantgarde', 273),
	(2472, 'E350 CGI BlueEFF. SE', 273),
	(2473, 'E350 CGI BlueEFF. Sport', 273),
	(2474, 'E350 CGI BlueEff. Avantgarde', 273),
	(2475, 'E350 CGI BlueEff. Sport', 273),
	(2476, 'E350 CGI Elegance', 273),
	(2477, 'E350 CGI Sport', 273),
	(2478, 'E500', 273),
	(2479, 'E500 Avantgarde', 273),
	(2480, 'E500 BlueEFF. Sport', 273),
	(2481, 'E500 Elegance', 273),
	(2482, 'E500 Sport', 273),
	(2483, 'E63 AMG', 273),
	(2484, '200K Avantgarde', 274),
	(2485, '200K Elegance', 274),
	(2486, '200K Sport', 274),
	(2487, '220 CDI Avantgarde', 274),
	(2488, '220 CDI Elegance', 274),
	(2489, '220 CDI Sport', 274),
	(2490, '280 Avantgarde', 274),
	(2491, '280 Elegance', 274),
	(2492, '280 Sport', 274),
	(2493, '320 CDI Avantgarde', 274),
	(2494, '320 CDI Elegance', 274),
	(2495, '320 CDI Sport', 274),
	(2496, '350 Avantgarde', 274),
	(2497, '350 Elegance', 274),
	(2498, '350 Sport', 274),
	(2499, '500 Avantgarde', 274),
	(2500, '500 Elegance', 274),
	(2501, '500 Sport', 274),
	(2502, '63 AMG', 274),
	(2503, '63 AMG Black Series', 274),
	(2504, 'C180 BlueEFF. Elegance', 275),
	(2505, 'C180 BlueEFF. SE', 275),
	(2506, 'C180 BlueEFF. Sport', 275),
	(2507, 'C180 CGI BlueEFF. Elegance Aut', 275),
	(2508, 'C180 CGI BlueEFF. SE Auto', 275),
	(2509, 'C180 CGI BlueEFF. Sport Auto', 275),
	(2510, 'C180 Elegance Blue Efficiency', 275),
	(2511, 'C180 SE Blue Efficiency', 275),
	(2512, 'C180 Sport Blue Efficiency', 275),
	(2513, 'C180K BlueEFF. Elegance', 275),
	(2514, 'C180K BlueEFF. Executive SE', 275),
	(2515, 'C180K BlueEFF. SE', 275),
	(2516, 'C180K BlueEFF. Sport', 275),
	(2517, 'C180K SE Blue Efficiency', 275),
	(2518, 'C180K Sport Blue Efficiency', 275),
	(2519, 'C200 CDI BlueEFF. Elegance', 275),
	(2520, 'C200 CDI BlueEFF. SE', 275),
	(2521, 'C200 CDI BlueEFF. Sport', 275),
	(2522, 'C200 CDI Elegance', 275),
	(2523, 'C200 CDI SE', 275),
	(2524, 'C200 CDI Sport', 275),
	(2525, 'C200 Elegance', 275),
	(2526, 'C200 SE', 275),
	(2527, 'C200 Sport', 275),
	(2528, 'C200K Elegance', 275),
	(2529, 'C200K SE', 275),
	(2530, 'C200K Sport', 275),
	(2531, 'C220 CDI BlueEFF Auto Elegance', 275),
	(2532, 'C220 CDI BlueEFF Elegance', 275),
	(2533, 'C220 CDI BlueEFF Elegance Auto', 275),
	(2534, 'C220 CDI BlueEFF SE', 275),
	(2535, 'C220 CDI BlueEFF SE Auto', 275),
	(2536, 'C220 CDI BlueEFF Sport', 275),
	(2537, 'C220 CDI BlueEFF Sport Auto', 275),
	(2538, 'C220 CDI BlueEFF. Elegance', 275),
	(2539, 'C220 CDI BlueEFF. SE', 275),
	(2540, 'C220 CDI BlueEFF. Sport', 275),
	(2541, 'C220 CDI Elegance', 275),
	(2542, 'C220 CDI SE', 275),
	(2543, 'C220 CDI Sport', 275),
	(2544, 'C230 Elegance', 275),
	(2545, 'C230 SE', 275),
	(2546, 'C230 Sport', 275),
	(2547, 'C250 CDI BlueEFF Elegance', 275),
	(2548, 'C250 CDI BlueEFF Elegance Auto', 275),
	(2549, 'C250 CDI BlueEFF SE', 275),
	(2550, 'C250 CDI BlueEFF SE Auto', 275),
	(2551, 'C250 CDI BlueEFF Sport', 275),
	(2552, 'C250 CDI BlueEFF Sport Auto', 275),
	(2553, 'C250 CDI BlueEFF. Elegance', 275),
	(2554, 'C250 CDI BlueEFF. SE', 275),
	(2555, 'C250 CDI BlueEFF. Sport', 275),
	(2556, 'C250 CGI BlueEFF Elegance', 275),
	(2557, 'C250 CGI BlueEFF Sport', 275),
	(2558, 'C250 CGI BlueEFF. Elegance', 275),
	(2559, 'C250 CGI BlueEFF. Sport', 275),
	(2560, 'C280 Elegance', 275),
	(2561, 'C280 Elegance Auto', 275),
	(2562, 'C280 SE', 275),
	(2563, 'C280 SE Auto', 275),
	(2564, 'C280 Sport', 275),
	(2565, 'C280 Sport Auto', 275),
	(2566, 'C320 CDI Elegance', 275),
	(2567, 'C320 CDI Elegance Auto', 275),
	(2568, 'C320 CDI Sport', 275),
	(2569, 'C320 CDI Sport Auto', 275),
	(2570, 'C350 CDI BlueEFF. Elegance', 275),
	(2571, 'C350 CDI BlueEFF. Sport', 275),
	(2572, 'C350 CDI Elegance', 275),
	(2573, 'C350 CDI Sport', 275),
	(2574, 'C350 Elegance', 275),
	(2575, 'C350 Elegance Auto', 275),
	(2576, 'C350 Sport', 275),
	(2577, 'C350 Sport Auto', 275),
	(2578, 'C63 AMG', 275),
	(2579, 'C63 AMG Performance Pack', 275),
	(2580, '160 BlueEFF. SE', 276),
	(2581, '160 BlueEFF. SE Panorama', 276),
	(2582, '160 BlueEFF. Sport', 276),
	(2583, '160 BlueEFF. Sport Panorama', 276),
	(2584, '160 SE', 276),
	(2585, '160 SE Panorama', 276),
	(2586, '160 Sport', 276),
	(2587, '160 Sport Panorama', 276),
	(2588, '180K SE', 276),
	(2589, '180K SE Panorama', 276),
	(2590, '180K Sport', 276),
	(2591, '180K Sport Panorama', 276),
	(2592, '200 CDI SE', 276),
	(2593, '200 CDI SE Panorama', 276),
	(2594, '200 CDI Sport', 276),
	(2595, '200 CDI Sport Panorama', 276),
	(2596, '200K SE', 276),
	(2597, '200K SE Panorama', 276),
	(2598, '200K Sport', 276),
	(2599, '200K Sport Panorama', 276),
	(2600, '220 CDI SE', 276),
	(2601, '220 CDI SE Panorama', 276),
	(2602, '220 CDI Sport', 276),
	(2603, '220 CDI Sport Panorama', 276),
	(2604, '230 Sport', 276),
	(2605, '230 Sport Panorama', 276),
	(2606, '350 Sport', 276),
	(2607, '350 Sport Panorama', 276),
	(2608, '320 CDI', 277),
	(2609, '320 CDI Grand Edition', 277),
	(2610, '350', 277),
	(2611, '350 CDI', 277),
	(2612, '350 CDI Grand Edition', 277),
	(2613, '350 CGI', 277),
	(2614, '500', 277),
	(2615, '63 AMG', 277),
	(2616, '63 AMG (08-09)', 277),
	(2617, 'ML280 CDI SE', 278),
	(2618, 'ML280 CDI Sport', 278),
	(2619, 'ML300 CDI BlueEFF. SE', 278),
	(2620, 'ML300 CDI BlueEFF. Sport', 278),
	(2621, 'ML320 CDI SE', 278),
	(2622, 'ML320 CDI Sport', 278),
	(2623, 'ML350 CDI BlueEFF. SE', 278),
	(2624, 'ML350 CDI BlueEFF. Sport', 278),
	(2625, 'ML420 CDI SE', 278),
	(2626, 'ML420 CDI Sport', 278),
	(2627, 'ML450 CDI SE', 278),
	(2628, 'ML450 CDI Sport', 278),
	(2629, 'ML500 SE', 278),
	(2630, 'ML500 Sport', 278),
	(2631, 'ML63 AMG', 278),
	(2632, 'B150 BlueEFF. SE', 279),
	(2633, 'B150 BlueEFF. Sport', 279),
	(2634, 'B150 SE', 279),
	(2635, 'B150 Sport', 279),
	(2636, 'B160 BlueEFF. SE', 279),
	(2637, 'B160 BlueEFF. Sport', 279),
	(2638, 'B170 BlueEFF. SE', 279),
	(2639, 'B170 BlueEFF. Sport', 279),
	(2640, 'B170 SE', 279),
	(2641, 'B170 Sport', 279),
	(2642, 'B180 BlueEFF. SE', 279),
	(2643, 'B180 BlueEFF. Sport', 279),
	(2644, 'B180 CDI SE', 279),
	(2645, 'B180 CDI Sport', 279),
	(2646, 'B200 CDI SE', 279),
	(2647, 'B200 CDI Sport', 279),
	(2648, 'F-Cell', 279),
	(2649, 'CL500', 280),
	(2650, 'CL500 (07-09)', 280),
	(2651, 'CL600', 280),
	(2652, 'CL63 AMG', 280),
	(2653, 'CL65 AMG', 280),
	(2654, '5.4 V8', 281),
	(2655, '5.4 V8 Stirling Moss', 281),
	(2656, '5.5 Stirling Moss', 281),
	(2657, 'A150 Avantgarde SE', 282),
	(2658, 'A150 BlueEFF. Avantgarde SE', 282),
	(2659, 'A150 BlueEFF. Classic SE', 282),
	(2660, 'A150 BlueEFF. Elegance SE', 282),
	(2661, 'A150 Classic SE', 282),
	(2662, 'A150 Elegance SE', 282),
	(2663, 'A160 Avantgarde SE Auto', 282),
	(2664, 'A160 BlueEFF. Avantgarde SE', 282),
	(2665, 'A160 BlueEFF. Classic SE', 282),
	(2666, 'A160 BlueEFF. Elegance SE', 282),
	(2667, 'A160 CDI Avantgarde SE', 282),
	(2668, 'A160 CDI Avantgarde SE Auto', 282),
	(2669, 'A160 CDI BlueEFF. Agarde SE', 282),
	(2670, 'A160 CDI BlueEFF. Classic SE', 282),
	(2671, 'A160 CDI BlueEFF. Elegance SE', 282),
	(2672, 'A160 CDI Classic SE', 282),
	(2673, 'A160 CDI Classic SE Auto', 282),
	(2674, 'A160 CDI Elegance SE', 282),
	(2675, 'A160 CDI Elegance SE Auto', 282),
	(2676, 'A160 Classic SE Auto', 282),
	(2677, 'A160 Elegance SE Auto', 282),
	(2678, 'A170 Avantgarde SE', 282),
	(2679, 'A170 BlueEFF. Avantgarde SE', 282),
	(2680, 'A170 BlueEFF. Classic SE', 282),
	(2681, 'A170 BlueEFF. Elegance SE', 282),
	(2682, 'A170 Classic SE', 282),
	(2683, 'A170 Elegance SE', 282),
	(2684, 'A180 Avantgarde SE Auto', 282),
	(2685, 'A180 Avantgarde SE Suto', 282),
	(2686, 'A180 BlueEFF. Avantgarde SE', 282),
	(2687, 'A180 BlueEFF. Classic SE', 282),
	(2688, 'A180 BlueEFF. Elegance SE', 282),
	(2689, 'A180 CDI Avangarde SE', 282),
	(2690, 'A180 CDI Avantgarde SE', 282),
	(2691, 'A180 CDI Classic SE', 282),
	(2692, 'A180 CDI Elegance SE', 282),
	(2693, 'A180 Classic SE Auto', 282),
	(2694, 'A180 Elegance SE Auto', 282),
	(2695, 'GL320 CDI', 283),
	(2696, 'GL350 CDI Blue EFF.', 283),
	(2697, 'GL420 CDI', 283),
	(2698, 'GL450 CDI', 283),
	(2699, 'GL500', 283),
	(2700, '2.0 CDI 116 Trend LWB', 284),
	(2701, '2.0 CDI 116 Trend SWB', 284),
	(2702, '2.0 CDI Trend LWB', 284),
	(2703, '2.0 CDI Trend SWB', 284),
	(2704, '2.2 CDI Ambiente LWB', 284),
	(2705, '2.2 CDI Ambiente SWB', 284),
	(2706, '2.2 CDI Ambiente XLWB', 284),
	(2707, '2.2 CDI Trend LWB', 284),
	(2708, '2.2 CDI Trend SWB', 284),
	(2709, '2.2 CDI Trend XLWB', 284),
	(2710, '3.0 CDI Ambiente LWB', 284),
	(2711, '3.0 CDI Ambiente SWB', 284),
	(2712, '3.0 CDI Ambiente XLWB', 284),
	(2713, '3.5 Ambiente LWB', 284),
	(2714, '3.5 Ambiente SWB', 284),
	(2715, '3.5 Ambiente XLWB', 284),
	(2716, '300', 285),
	(2717, '350', 285),
	(2718, '500', 285),
	(2719, '600', 285),
	(2720, '63 AMG', 285),
	(2721, '65 AMG', 285),
	(2722, '65 AMG Black Series', 285),
	(2723, 'R280 CDI SE 2WD', 286),
	(2724, 'R280 CDI Sport 2WD', 286),
	(2725, 'R300 CDI Grand Edition 2WD', 286),
	(2726, 'R320 CDI SE 4WD', 286),
	(2727, 'R320 CDI SE 7st 4WD', 286),
	(2728, 'R320 CDI Sport 4WD', 286),
	(2729, 'R320 CDI Sport 7st 4WD', 286),
	(2730, 'R320L CDI SE 4WD', 286),
	(2731, 'R320L CDI Sport 4WD', 286),
	(2732, 'R350L CDI Grand Edition 4WD', 286),
	(2733, 'R500L SE 4WD', 286),
	(2734, 'R500L Sport 4WD', 286),
	(2735, '6.2 V8', 287),
	(2736, '6.2 V8 AMG', 287),
	(2737, 'AMG with Electric Drive', 287),
	(2738, '200K', 288),
	(2739, '200K 2Look Edition', 288),
	(2740, '280', 288),
	(2741, '2Look Edition', 288),
	(2742, '300', 288),
	(2743, '350', 288),
	(2744, '55 AMG', 288),
	(2745, 'E-Cell', 289),
	(2746, 'E-Cell Plus', 289),
	(2747, 'F-Cell', 289),
	(2748, 'SLC', 290),
	(2749, '1.6', 291),
	(2750, '1.6 (Chili Pack)', 291),
	(2751, '1.6 (Pepper Pack)', 291),
	(2752, '1.6 122', 291),
	(2753, '1.6 122 Chili Media Pack', 291),
	(2754, '1.6 122 Chili Pack', 291),
	(2755, '1.6 122 Chili Sport Media Pack', 291),
	(2756, '1.6 122 Chili Sport Pack', 291),
	(2757, '1.6 122 Media Pack', 291),
	(2758, '1.6 122 Pepper Media Pack', 291),
	(2759, '1.6 122 Pepper Pack', 291),
	(2760, '1.6 122 Pepper Sport Pack', 291),
	(2761, '1.6 122 Pepper SportMedia Pack', 291),
	(2762, '1.6 122 PepperSportMedia Pack', 291),
	(2763, '1.6 122 Sport Media Pack', 291),
	(2764, '1.6 122 Sport Pack', 291),
	(2765, '1.6 Camden', 291),
	(2766, '1.6 D Graphite (Chili Pack)', 291),
	(2767, '1.6 D Graphite (Pepper Pack)', 291),
	(2768, '1.6 Graphite', 291),
	(2769, '1.6 Graphite (Chili Pack)', 291),
	(2770, '1.6 Graphite (Pepper Pack)', 291),
	(2771, '1.6 Mayfair', 291),
	(2772, '1.6D', 291),
	(2773, '1.6D (Chili Pack)', 291),
	(2774, '1.6D (Pepper Pack)', 291),
	(2775, '1.6D Camden', 291),
	(2776, '1.6D Chili Media Pack', 291),
	(2777, '1.6D Chili Pack', 291),
	(2778, '1.6D Chili Sport Media Pack', 291),
	(2779, '1.6D Graphite', 291),
	(2780, '1.6D Graphite Chili Pack', 291),
	(2781, '1.6D Graphite Pepper Pack', 291),
	(2782, '1.6D Mayfair', 291),
	(2783, '1.6D Media Pack', 291),
	(2784, '1.6D Pepper Media Pack', 291),
	(2785, '1.6D Pepper Pack', 291),
	(2786, '1.6D Pepper Sport Media Pack', 291),
	(2787, '1.6D Pepper Sport Pack', 291),
	(2788, '1.6D Sport Media Pack', 291),
	(2789, '1.6D Sport Pack', 291),
	(2790, '1.6T JCW WorldChampsionship 50', 291),
	(2791, '1.6T S', 291),
	(2792, '1.6T S (Chili Pack)', 291),
	(2793, '1.6T S Camden', 291),
	(2794, '1.6T S JCW (Chili Pack)', 291),
	(2795, '1.6T S JCW Chili Pack', 291),
	(2796, '1.6T S John Cooper Works', 291),
	(2797, '1.6T S Mayfair', 291),
	(2798, 'S 1.6 184', 291),
	(2799, 'S 1.6 184 Chili Media Pack', 291),
	(2800, 'S 1.6 184 Chili Pack', 291),
	(2801, 'S 1.6 184 Chili Sport Pack', 291),
	(2802, 'S 1.6 184 ChiliSportMedia Pack', 291),
	(2803, 'S 1.6 184 Media Pack', 291),
	(2804, 'S 1.6 184 Sport Media Pack', 291),
	(2805, 'S 1.6 184 Sport Pack', 291),
	(2806, '1.4', 292),
	(2807, '1.4 (Pepper Pack)', 292),
	(2808, '1.4 Graphite', 292),
	(2809, '1.4 Graphite (Pepper Pack)', 292),
	(2810, '1.6', 292),
	(2811, '1.6 Media Pack', 292),
	(2812, '1.6 Pepper Media Pack', 292),
	(2813, '1.6 Pepper Pack', 292),
	(2814, '1.6 Pepper Sport Media Pack', 292),
	(2815, '1.6 Pepper Sport Pack', 292),
	(2816, '1.6 Sport Media Pack', 292),
	(2817, '1.6 Sport Pack', 292),
	(2818, '1.6 Cooper 2WD', 293),
	(2819, '1.6 One 2WD', 293),
	(2820, '1.6D Cooper 2WD', 293),
	(2821, '1.6D Cooper S ALL4 4WD', 293),
	(2822, '1.6D One 2WD', 293),
	(2823, '1.6T Cooper S 2WD', 293),
	(2824, '1.6T Cooper S ALL4 4WD', 293),
	(2825, '150kW', 294),
	(2826, '1.4', 295),
	(2827, '1.6', 295),
	(2828, '1.6 Tech Pack', 295),
	(2829, '2.0 DI-D Elegance', 296),
	(2830, '2.0 DI-D Equippe', 296),
	(2831, '3.2 Di-D Diamond Auto', 297),
	(2832, '3.2 Di-D Elegance', 297),
	(2833, '3.2 Di-D Elegance Auto', 297),
	(2834, '3.2 Di-D Equippe', 297),
	(2835, '3.2 Di-D Equippe Auto', 297),
	(2836, '3.2 Di-D Warrior Auto', 297),
	(2837, '1.1 MPI CZ1', 298),
	(2838, '1.3 CZ2', 298),
	(2839, '1.3 CZ2 Cleartec', 298),
	(2840, '1.5 CZC1', 298),
	(2841, '1.5 CZC2', 298),
	(2842, '1.5 CZC3', 298),
	(2843, '1.5 Ralliart', 298),
	(2844, '2.0T FQ-300 GS', 299),
	(2845, '2.0T FQ-300 GSR', 299),
	(2846, '2.0T FQ-300 GSR SST', 299),
	(2847, '2.0T FQ-330 GS', 299),
	(2848, '2.0T FQ-330 GSR', 299),
	(2849, '2.0T FQ-360 GS', 299),
	(2850, '2.0T FQ-360 GSR', 299),
	(2851, '2.0T FQ-400', 299),
	(2852, '2.5 DCab 4Life Barbarian Auto', 300),
	(2853, '2.5 DI-D 4WD Club Cab 4Life', 300),
	(2854, '2.5 DI-D 4WD Club Cab 4Work', 300),
	(2855, '2.5 DI-D 4WD Club Cab Warrior', 300),
	(2856, '2.5 DI-D 4WD DCab Raging Bull', 300),
	(2857, '2.5 DI-D 4WD DCab Warrior Lthr', 300),
	(2858, '2.5 DI-D 4WD Double Cab 4Life', 300),
	(2859, '2.5 DI-D 4WD Double Cab 4Work', 300),
	(2860, '2.5 DI-D 4WD Double Cab Animal', 300),
	(2861, '2.5 DI-D 4WD DoubleCab Warrior', 300),
	(2862, '2.5 DI-D 4WD Single Cab 4Life', 300),
	(2863, '2.5 DI-D 4WD Single Cab 4Work', 300),
	(2864, '2.5 DI-D Club Cab 4Life', 300),
	(2865, '2.5 DI-D Club Cab 4Work', 300),
	(2866, '2.5 DI-D Club Cab Warrior', 300),
	(2867, '2.5 DI-D DCab Animal LB Auto', 300),
	(2868, '2.5 DI-D DCab Warrior LB Auto', 300),
	(2869, '2.5 DI-D Dble Cab Animal Auto', 300),
	(2870, '2.5 DI-D Dble Cab Raging Bull', 300),
	(2871, '2.5 DI-D DbleCab 4Life LongBed', 300),
	(2872, '2.5 DI-D DbleCab 4Work LongBed', 300),
	(2873, '2.5 DI-D DbleCab Animal Long', 300),
	(2874, '2.5 DI-D DbleCab Warrior Long', 300),
	(2875, '2.5 DI-D Double Cab 4Life', 300),
	(2876, '2.5 DI-D Double Cab 4Work', 300),
	(2877, '2.5 DI-D Double Cab Animal', 300),
	(2878, '2.5 DI-D Double Cab Trojan', 300),
	(2879, '2.5 DI-D Double Cab Warrior', 300),
	(2880, '2.5 DI-D Single Cab 4Life', 300),
	(2881, '2.5 DI-D Single Cab 4Work', 300),
	(2882, '2.5 DI-D4WD DoubleCab Diamond', 300),
	(2883, '2.5 DI-D4WD DoubleCab Elegance', 300),
	(2884, '2.0 DI-D Warrior (Leather)', 301),
	(2885, '2.0 Di-D Elegance', 301),
	(2886, '2.0 Di-D Equippe', 301),
	(2887, '2.0 Di-D GSE', 301),
	(2888, '2.0 Di-D SE', 301),
	(2889, '2.0 Di-D Warrior', 301),
	(2890, '2.2 Di-D Diamond', 301),
	(2891, '2.4 MIVEC Elegance', 301),
	(2892, '2.4 MIVEC Elegance Auto', 301),
	(2893, '1.5 GS2', 302),
	(2894, '1.5 SE', 302),
	(2895, '1.8 GS2', 302),
	(2896, '1.8 GS3', 302),
	(2897, '1.8 GS3 Auto', 302),
	(2898, '1.8 GS4', 302),
	(2899, '2.0 DI-D GS2', 302),
	(2900, '2.0 DI-D GS3', 302),
	(2901, '2.0 DI-D GS4', 302),
	(2902, '2.0 Ralliart GS', 302),
	(2903, '2.0 Ralliart GSR', 302),
	(2904, '660cc', 303),
	(2905, 'MiEV', 303),
	(2906, '1.8 CVT', 304),
	(2907, '3.3 V6', 305),
	(2908, '2.0 (2 Seater)', 306),
	(2909, '2.0 (4 Seater)', 306),
	(2910, '3.0 V6 (2 Seater)', 307),
	(2911, '3.0 V6 (4 Seater)', 307),
	(2912, '1.8 (2 seater)', 308),
	(2913, '4.4 V8', 309),
	(2914, '1.8', 310),
	(2915, '2.5 V6', 310),
	(2916, 'EDC 8.2(kWh)', 311),
	(2917, '1.5 dCi Acenta (Sat Nav) 2WD', 312),
	(2918, '1.5 dCi Acenta 2WD', 312),
	(2919, '1.5 dCi N-Tec 2WD', 312),
	(2920, '1.5 dCi Tekna (Sat Nav) 2WD', 312),
	(2921, '1.5 dCi Tekna 2WD', 312),
	(2922, '1.5 dCi Visia 2WD', 312),
	(2923, '1.5 dCi Visia Pure Drive 2WD', 312),
	(2924, '1.6 Acenta (Sat Nav) 2WD', 312),
	(2925, '1.6 Acenta 2WD', 312),
	(2926, '1.6 N-Tec 2WD', 312),
	(2927, '1.6 Tekna (Sat Nav) 2WD', 312),
	(2928, '1.6 Tekna 2WD', 312),
	(2929, '1.6 Visia 2WD', 312),
	(2930, '2.0 Acenta (Sat Nav) 2WD', 312),
	(2931, '2.0 Acenta (Sat Nav) 4WD', 312),
	(2932, '2.0 Acenta 2WD', 312),
	(2933, '2.0 Acenta All-Mode 4WD', 312),
	(2934, '2.0 N-Tec 2WD', 312),
	(2935, '2.0 N-Tec 4WD Auto', 312),
	(2936, '2.0 N-Tec All-Mode 4WD', 312),
	(2937, '2.0 N-Tecc 2WD', 312),
	(2938, '2.0 Sound & Style 2WD', 312),
	(2939, '2.0 Tekna (Sat Nav) 2WD', 312),
	(2940, '2.0 Tekna (Sat Nav) 4WD', 312),
	(2941, '2.0 Tekna 2WD', 312),
	(2942, '2.0 Tekna 4WD Auto', 312),
	(2943, '2.0 Tekna All-Mode 4WD', 312),
	(2944, '2.0 Visia 2WD', 312),
	(2945, '2.0 Visia All-Mode 4WD', 312),
	(2946, '2.0 dCi Acenta (Sat Nav) 2WD', 312),
	(2947, '2.0 dCi Acenta (Sat Nav) 4WD', 312),
	(2948, '2.0 dCi Acenta 2WD', 312),
	(2949, '2.0 dCi Acenta All-Mode 4WD', 312),
	(2950, '2.0 dCi N-Tec 2WD', 312),
	(2951, '2.0 dCi N-Tec 4WD', 312),
	(2952, '2.0 dCi N-Tec All-Mode 4WD', 312),
	(2953, '2.0 dCi Sound & Style 2WD', 312),
	(2954, '2.0 dCi Tekna (Sat Nav) 2WD', 312),
	(2955, '2.0 dCi Tekna (Sat Nav) 4WD', 312),
	(2956, '2.0 dCi Tekna 2WD', 312),
	(2957, '2.0 dCi Tekna 4WD', 312),
	(2958, '2.0 dCi Tekna All-Mode 4WD', 312),
	(2959, '2.0 dCi Visia 2WD', 312),
	(2960, '2.0 dCi Visia All-Mode 4WD', 312),
	(2961, '2.0 dCi 148 Aventura', 313),
	(2962, '2.0 dCi 148 Aventura Expl Extr', 313),
	(2963, '2.0 dCi 148 Aventura Explorer', 313),
	(2964, '2.0 dCi 148 Sport', 313),
	(2965, '2.0 dCi 148 Sport Expedition', 313),
	(2966, '2.0 dCi 148 Sport Expl Extreme', 313),
	(2967, '2.0 dCi 148 Trek', 313),
	(2968, '2.0 dCi 150 Tekna Auto', 313),
	(2969, '2.0 dCi 171 Aventura', 313),
	(2970, '2.0 dCi 171 Aventura Expl Extr', 313),
	(2971, '2.0 dCi 171 Aventura Explorer', 313),
	(2972, '2.0 dCi 171 Sport', 313),
	(2973, '2.0 dCi 171 Sport Exp Extr', 313),
	(2974, '2.0 dCi 171 Sport Expedition', 313),
	(2975, '2.0 dCi 173 Acenta', 313),
	(2976, '2.0 dCi 173 Tekna', 313),
	(2977, '2.0i Trek', 313),
	(2978, '2.5i Aventura', 313),
	(2979, '2.5i Aventura Explorer', 313),
	(2980, '2.5i Aventura Explorer Extreme', 313),
	(2981, '2.5i Sport', 313),
	(2982, '2.5i Sport Expedition', 313),
	(2983, '2.5i Sport Expedition Extreme', 313),
	(2984, '1.2', 314),
	(2985, '1.2 Acenta', 314),
	(2986, '1.2 Micra 25', 314),
	(2987, '1.2 N-Tec', 314),
	(2988, '1.2 Tekna', 314),
	(2989, '1.2 Visia', 314),
	(2990, '1.2 Visia +', 314),
	(2991, '1.2 Visia 80', 314),
	(2992, '1.4 Acenta', 314),
	(2993, '1.4 Active Luxury', 314),
	(2994, '1.4 Micra 25', 314),
	(2995, '1.4 Tekna', 314),
	(2996, '1.4D', 314),
	(2997, '1.5 dCi 86 Acenta', 314),
	(2998, '1.5 dCi 86 Active Luxury', 314),
	(2999, '1.5 dCi 86 Micra 25', 314),
	(3000, '1.5 dCi 86 N-Tec', 314),
	(3001, '1.5 dCi 86 Tekna', 314),
	(3002, '1.5 dCi 86 Visia', 314),
	(3003, '1.6 160SR', 314),
	(3004, '1.6 Active Luxury', 314),
	(3005, '350SR', 314),
	(3006, '3.7 V6', 315),
	(3007, '3.7 V6 Black', 315),
	(3008, '3.7 V6 GT', 315),
	(3009, '3.7 V6 GT Auto', 315),
	(3010, '3.7 V6 GT Ultimate', 315),
	(3011, '3.7 V6 Nismo', 315),
	(3012, '3.7 V6 Touring', 315),
	(3013, '3.7 V6 Yellow', 315),
	(3014, '1.5 dCi Acenta (Sat Nav) 2WD', 316),
	(3015, '1.5 dCi Acenta 2WD', 316),
	(3016, '1.5 dCi N-Tec 2WD', 316),
	(3017, '1.5 dCi Tekna (Sat Nav) 2WD', 316),
	(3018, '1.5 dCi Tekna 2WD', 316),
	(3019, '1.5 dCi Visia 2WD', 316),
	(3020, '1.6 Acenta (Sat Nav) 2WD', 316),
	(3021, '1.6 Acenta 2WD', 316),
	(3022, '1.6 N-Tec 2WD', 316),
	(3023, '1.6 Tekna (Sat Nav) 2WD', 316),
	(3024, '1.6 Tekna 2WD', 316),
	(3025, '1.6 Visia 2WD', 316),
	(3026, '2.0 Acenta 2WD', 316),
	(3027, '2.0 Acenta All-Mode 4WD', 316),
	(3028, '2.0 N-Tec 2WD', 316),
	(3029, '2.0 N-Tec 4WD Auto', 316),
	(3030, '2.0 N-Tec All-Mode 4WD', 316),
	(3031, '2.0 Tekna 2WD', 316),
	(3032, '2.0 Tekna 4WD Auto', 316),
	(3033, '2.0 Tekna All-Mode 4WD', 316),
	(3034, '2.0 Visia 2WD', 316),
	(3035, '2.0 Visia All-Mode 4WD', 316),
	(3036, '2.0 dCi Acenta 2WD', 316),
	(3037, '2.0 dCi Acenta All-Mode 4WD', 316),
	(3038, '2.0 dCi N-Tec 2WD', 316),
	(3039, '2.0 dCi N-Tec 4WD', 316),
	(3040, '2.0 dCi N-Tec All-Mode 4WD', 316),
	(3041, '2.0 dCi Tekna (Sat Nav) 2WD', 316),
	(3042, '2.0 dCi Tekna (Sat Nav) 4WD', 316),
	(3043, '2.0 dCi Tekna 2WD', 316),
	(3044, '2.0 dCi Tekna 4WD', 316),
	(3045, '2.0 dCi Tekna All-Mode 4WD', 316),
	(3046, '2.0 dCi Visia 2WD', 316),
	(3047, '2.0 dCi Visia All-Mode 4WD', 316),
	(3048, '1.4 Acenta', 317),
	(3049, '1.4 N-Tec', 317),
	(3050, '1.4 Visia', 317),
	(3051, '1.5 dCi 86 Acenta', 317),
	(3052, '1.5 dCi 86 Tekna', 317),
	(3053, '1.5 dCi 86 Visia', 317),
	(3054, '1.5 dCi N-Tec', 317),
	(3055, '1.6 Acenta', 317),
	(3056, '1.6 N-Tec', 317),
	(3057, '1.6 Tekna', 317),
	(3058, '1.6 Visia', 317),
	(3059, '3.0 TD Aventura', 318),
	(3060, '3.0 TD Trek', 318),
	(3061, '2.5 dCi Double Cab Acenta', 319),
	(3062, '2.5 dCi Double Cab Aventura', 319),
	(3063, '2.5 dCi Double Cab Avt. X-Back', 319),
	(3064, '2.5 dCi Double Cab Outlaw', 319),
	(3065, '2.5 dCi Double Cab Sport', 319),
	(3066, '2.5 dCi Double Cab Tekna', 319),
	(3067, '2.5 dCi Double Cab Trek', 319),
	(3068, '2.5 dCi King Cab Acenta', 319),
	(3069, '2.5 dCi King Cab Outlaw', 319),
	(3070, '2.5 dCi King Cab Sport', 319),
	(3071, '2.5 dCi King Cab Trek', 319),
	(3072, '370 GT Type S', 320),
	(3073, '1.0 Acenta', 321),
	(3074, '1.0 Tekna', 321),
	(3075, '1.0 Visia', 321),
	(3076, '1.0 n-tec', 321),
	(3077, '3.8 V6', 322),
	(3078, '3.8 V6 Black Edition', 322),
	(3079, '3.8 V6 Premium Edition', 322),
	(3080, '3.8 V6 Spec V', 322),
	(3081, 'V6 309bhp', 323),
	(3082, 'V6 309bhp GT', 323),
	(3083, '3.5 V6 Tekna', 324),
	(3084, '2.5 dCi Acenta', 325),
	(3085, '2.5 dCi Aventura (7 Seat)', 325),
	(3086, '2.5 dCi Sport (7 Seat)', 325),
	(3087, '2.5 dCi Sport (7 Seat+Tech Pk)', 325),
	(3088, '2.5 dCi Tekna', 325),
	(3089, '2.5 dCi Trek (7 Seat)', 325),
	(3090, '1.5 dCi', 326),
	(3091, '1.5 dCi Kaizen', 326),
	(3092, '1.5X Four V Selection', 326),
	(3093, '1.6', 326),
	(3094, '1.6 Kaizen', 326),
	(3095, '1.6 Kaizen Auto', 326),
	(3096, '1.6 LDN', 326),
	(3097, '4.4 V8', 327),
	(3098, '2.0T', 328),
	(3099, '7.3 V12 F', 329),
	(3100, '7.3 V12 S', 329),
	(3101, 'F', 329),
	(3102, 'S', 329),
	(3103, '1.0 12v EZi SE Auto', 330),
	(3104, '1.0 12v GX SE', 330),
	(3105, '1.0 EX', 331),
	(3106, '1.0 EZi SE Auto', 331),
	(3107, '1.0 GXi SE', 331),
	(3108, '1.3 EZi Auto', 332),
	(3109, '1.3 SXi', 332),
	(3110, '1.4 16v 90 S 2-T-ronic (AC)', 333),
	(3111, '1.4 75 S (AC)', 333),
	(3112, '1.4 75 Sport', 333),
	(3113, '1.4 75 Urban', 333),
	(3114, '1.4 75 Verve', 333),
	(3115, '1.4 8v 75 S (AC)', 333),
	(3116, '1.4 8v 75 Urban', 333),
	(3117, '1.4 8v 75 Verve', 333),
	(3118, '1.4 HDI S (AC)', 333),
	(3119, '1.4 HDi 70 S (AC)', 333),
	(3120, '1.4 HDi 70 Urban', 333),
	(3121, '1.4 HDi 70 Verve', 333),
	(3122, '1.4 HDi Sport', 333),
	(3123, '1.4 HDi Urban', 333),
	(3124, '1.4 VTi 95 S', 333),
	(3125, '1.4 VTi 95 S (AC)', 333),
	(3126, '1.4 VTi 95 SE Premium', 333),
	(3127, '1.4 VTi 95 Sport', 333),
	(3128, '1.4 VTi 95 Verve', 333),
	(3129, '1.4 VTi S', 333),
	(3130, '1.4 VTi S (AC)', 333),
	(3131, '1.4 VTi Sport', 333),
	(3132, '1.6 Elle', 333),
	(3133, '1.6 GT', 333),
	(3134, '1.6 HDI 110 GT', 333),
	(3135, '1.6 HDI 110 Sport', 333),
	(3136, '1.6 HDi 110 FAP Outdoor', 333),
	(3137, '1.6 HDi 110 FAP Sport', 333),
	(3138, '1.6 HDi 110 GT', 333),
	(3139, '1.6 HDi 110 Outdoor', 333),
	(3140, '1.6 HDi 110 Sport', 333),
	(3141, '1.6 HDi 90 FAP Economique', 333),
	(3142, '1.6 HDi 90 FAP Economique +', 333),
	(3143, '1.6 HDi 90 Outdoor', 333),
	(3144, '1.6 HDi 90 S', 333),
	(3145, '1.6 HDi 90 S (AC)', 333),
	(3146, '1.6 HDi 90 SE Premium', 333),
	(3147, '1.6 HDi 90 Sport', 333),
	(3148, '1.6 HDi 90 Verve', 333),
	(3149, '1.6 HDi GT', 333),
	(3150, '1.6 HDi Sport', 333),
	(3151, '1.6 Sport', 333),
	(3152, '1.6 THP 150 GT', 333),
	(3153, '1.6 THP 175 GTi', 333),
	(3154, '1.6 THP GT', 333),
	(3155, '1.6 VTi 120 Outdoor', 333),
	(3156, '1.6 VTi 120 S16', 333),
	(3157, '1.6 VTi 120 SE Premium Auto', 333),
	(3158, '1.6 VTi 120 Sport', 333),
	(3159, '1.6 VTi GT', 333),
	(3160, '1.6 VTi Outdoor', 333),
	(3161, '1.6 VTi S Auto', 333),
	(3162, '1.6 VTi Sport', 333),
	(3163, '1.6T 150  GT', 333),
	(3164, '1.6T 150 GT', 333),
	(3165, '1.6T 175 GTi', 333),
	(3166, '1.6 HDi 110 S', 334),
	(3167, '1.6 HDi 110 SR', 334),
	(3168, '1.6 HDi 110 SR Connectnav', 334),
	(3169, '1.6 HDi 110 Sport', 334),
	(3170, '2.0 Bioflex Connectnav', 334),
	(3171, '2.0 Bioflex S', 334),
	(3172, '2.0 Bioflex SR Connectnav', 334),
	(3173, '2.0 Bioflex SR Connectnav a', 334),
	(3174, '2.0 Bioflex Sport', 334),
	(3175, '2.0 HDI 140 SR Connectnav', 334),
	(3176, '2.0 HDi 136 Sport Auto', 334),
	(3177, '2.0 HDi 140 SR', 334),
	(3178, '2.0 HDi 140 SR Connectnav', 334),
	(3179, '2.0 HDi 140 Sport', 334),
	(3180, '2.0 HDi 163 Sport', 334),
	(3181, '2.0 HDi 163 Sport Auto', 334),
	(3182, '2.0 HDi Sport', 334),
	(3183, '2.0 HDi Sport Multimedia', 334),
	(3184, '2.2 HDi 170 Sport', 334),
	(3185, '2.2 Sport', 334),
	(3186, '2.2 Sport Multimedia', 334),
	(3187, '2.7 HDi Sport Auto', 334),
	(3188, '2.7 V6 HDi Sport Auto', 334),
	(3189, '2.7 V6 HDi Sport Multimedia', 334),
	(3190, '3.0 V6 HDi Sport', 334),
	(3191, '3.0 V6 HDi Sport Auto', 334),
	(3192, '1.4 VTi 95 S', 335),
	(3193, '1.4 VTi 95 Sport', 335),
	(3194, '1.4 VTi 95 Urban', 335),
	(3195, '1.4 VTi 95 Verve', 335),
	(3196, '1.6 HDi 110 S', 335),
	(3197, '1.6 HDi 110 SE', 335),
	(3198, '1.6 HDi 110 SR', 335),
	(3199, '1.6 HDi 110 Sport', 335),
	(3200, '1.6 HDi 112 SE', 335),
	(3201, '1.6 HDi 112 Sport', 335),
	(3202, '1.6 HDi 90 S', 335),
	(3203, '1.6 HDi 90 SR', 335),
	(3204, '1.6 HDi 90 Sport', 335),
	(3205, '1.6 HDi 90 Urban', 335),
	(3206, '1.6 HDi 90 Verve', 335),
	(3207, '1.6 THP 140 SE Auto', 335),
	(3208, '1.6 THP 150 GT', 335),
	(3209, '1.6 THP 150 GT100', 335),
	(3210, '1.6 THP 150 SE', 335),
	(3211, '1.6 THP 150 Sport', 335),
	(3212, '1.6 THP 150 Sport 6sp', 335),
	(3213, '1.6 THP 156 GT', 335),
	(3214, '1.6 THP 156 SE', 335),
	(3215, '1.6 THP 175 GT', 335),
	(3216, '1.6 THP 175 SE', 335),
	(3217, '1.6 THP 175 Sport 6sp', 335),
	(3218, '1.6 VTi 120 S', 335),
	(3219, '1.6 VTi 120 SE', 335),
	(3220, '1.6 VTi 120 Sport', 335),
	(3221, '1.6 VTi 120 Verve', 335),
	(3222, '2.0 HDi 136 GT', 335),
	(3223, '2.0 HDi 136 SE', 335),
	(3224, '2.0 HDi 136 SE Auto', 335),
	(3225, '2.0 HDi 136 Sport', 335),
	(3226, '2.0 HDi 140 GT', 335),
	(3227, '2.0 HDi 140 GT Auto', 335),
	(3228, '2.0 HDi 140 SE', 335),
	(3229, '2.0 HDi 140 SE Auto', 335),
	(3230, '2.0 143 Executive', 336),
	(3231, '2.0 143 Executive Auto', 336),
	(3232, '2.0 143 S', 336),
	(3233, '2.0 143 SE', 336),
	(3234, '2.0 HDI 120 Norwest', 336),
	(3235, '2.0 HDi 120 Executive', 336),
	(3236, '2.0 HDi 120 S', 336),
	(3237, '2.0 HDi 120 SE', 336),
	(3238, '2.0 HDi 136 Executive', 336),
	(3239, '2.0 HDi 136 Norwest', 336),
	(3240, '2.0 HDi 136 SE', 336),
	(3241, '2.2 HDI 170 Norwest Auto', 336),
	(3242, '2.2 HDi 170 Executive', 336),
	(3243, '2.2 HDi Executive', 336),
	(3244, '1.6 HDi 110 Active', 337),
	(3245, '1.6 HDi 110 Exclusive', 337),
	(3246, '1.6 HDi 110 Exclusive EGC Auto', 337),
	(3247, '1.6 HDi 110 Sport', 337),
	(3248, '1.6 HDi Active', 337),
	(3249, '1.6 HDi Exclusive', 337),
	(3250, '1.6 HDi Exclusive EGC Auto', 337),
	(3251, '1.6 HDi Sport', 337),
	(3252, '1.6 THP Exclusive', 337),
	(3253, '1.6 THP Sport', 337),
	(3254, '1.6 VTi Active', 337),
	(3255, '1.6 VTi Exclusive', 337),
	(3256, '1.6 VTi Sport', 337),
	(3257, '2.0 HDi 150 Exclusive', 337),
	(3258, '2.0 HDi 150 Sport', 337),
	(3259, '2.0 HDi 163 Exclusive Auto', 337),
	(3260, '2.0 HDi 163 Sport Auto', 337),
	(3261, '2.0 HDi Executive', 338),
	(3262, '2.2 HDi Executive', 338),
	(3263, '3.0 V6 Executive Auto', 338),
	(3264, '1.6 HDi FAP 110 Active', 339),
	(3265, '1.6 HDi FAP 110 Exclusive', 339),
	(3266, '1.6 HDi FAP 110 Sport', 339),
	(3267, '1.6 THP 150 Exclusive', 339),
	(3268, '1.6 THP 150 Sport', 339),
	(3269, '1.6 VTi 120 Active', 339),
	(3270, '1.6 VTi 120 Exclusive', 339),
	(3271, '1.6 VTi 120 Sport', 339),
	(3272, '2.0 HDi FAP 150 Exclusive', 339),
	(3273, '2.0 HDi FAP 150 Sport', 339),
	(3274, '2.0 HDi FAP 163 Exclusive Auto', 339),
	(3275, '2.0 HDi FAP 163 Sport Auto', 339),
	(3276, '1.6 16v 110 S', 340),
	(3277, '1.6 16v 90 Urban', 340),
	(3278, '1.6 HDi 110 FAP Outdoor', 340),
	(3279, '1.6 HDi 75 S', 340),
	(3280, '1.6 HDi 75 Zenith', 340),
	(3281, '1.6 HDi 90 Outdoor', 340),
	(3282, '1.6 HDi 90 S', 340),
	(3283, '1.6 HDi 90 Zenith', 340),
	(3284, '1.6 VTi 120 S', 340),
	(3285, '1.4 8v Dolce', 341),
	(3286, '1.4 8V S', 342),
	(3287, '1.4 8v Outdoor', 342),
	(3288, '1.4 HDi Outdoor', 342),
	(3289, '1.4 HDi S', 342),
	(3290, '1.0 Urban', 343),
	(3291, '1.0 Urban Lite', 343),
	(3292, '1.0 Verve', 343),
	(3293, '63bhp', 344),
	(3294, '2.2 HDi GT', 345),
	(3295, '2.2 HDi SE', 345),
	(3296, '2.2 HDi Sport XS', 345),
	(3297, '1.6 THP 156 GT', 346),
	(3298, '1.6 THP 156 Sport', 346),
	(3299, '1.6 THP 200 GT', 346),
	(3300, '1.6 THP 200 Sport', 346),
	(3301, '2.0 HDi 163 GT', 346),
	(3302, '2.0 HDi 163 Sport', 346),
	(3303, 'GTi-6 2.0', 347),
	(3304, '3.0 TD V6 S', 348),
	(3305, '3.0 TD V6 TechArt', 348),
	(3306, '3.6 V6', 348),
	(3307, '4.8 GTS', 348),
	(3308, '4.8 GTS PorscheDesignEdition 3', 348),
	(3309, '4.8 S', 348),
	(3310, '4.8 Turbo', 348),
	(3311, '3.6 Carrera', 349),
	(3312, '3.6 Carrera 4', 349),
	(3313, '3.6 GT2', 349),
	(3314, '3.6 Targa 4', 349),
	(3315, '3.6 Turbo', 349),
	(3316, '3.8 Carrera 4 S', 349),
	(3317, '3.8 Carrera S', 349),
	(3318, '3.8 GT3', 349),
	(3319, '3.8 GT3 (09)', 349),
	(3320, '3.8 GT3 RS', 349),
	(3321, '3.8 Sport Classic', 349),
	(3322, '3.8 Targa 4 S', 349),
	(3323, '3.8 Turbo', 349),
	(3324, '3.8 Turbo PDK', 349),
	(3325, '3.8 Turbo PDK Sport Chrono', 349),
	(3326, '3.8 Turbo S', 349),
	(3327, '4.8 V8 4S PDK', 350),
	(3328, '4.8 V8 S', 350),
	(3329, '4.8 V8 Turbo PDK', 350),
	(3330, '2.9', 351),
	(3331, '3.4 S', 351),
	(3332, '3.4 Spyder', 351),
	(3333, '3.4 Spyder PDK', 351),
	(3334, '2.9', 352),
	(3335, '3.4 S', 352),
	(3336, '3.4 S PDK', 352),
	(3337, '1.3 GLS', 353),
	(3338, '1.6 GLS', 353),
	(3339, '1.6 GLS SE', 353),
	(3340, '1.6 GLS ecoLogic', 353),
	(3341, '1.6 GLS f/lift', 353),
	(3342, '1.6 GSX', 353),
	(3343, '1.6 GSX SE', 353),
	(3344, '1.6 GSX ecoLogic', 353),
	(3345, '1.6 GSX f/lift', 353),
	(3346, '1.6 Persona', 353),
	(3347, '1.6 Persona SE', 353),
	(3348, '1.6 Persona ecoLogic', 353),
	(3349, '1.2 Style', 354),
	(3350, '1.5 GL', 355),
	(3351, '1.5 GLS', 355),
	(3352, '1.5 GS', 355),
	(3353, '1.5 GSX', 355),
	(3354, '1.6 GSX', 356),
	(3355, '1.6 Sport', 356),
	(3356, '0.3', 357),
	(3357, 'SR4', 358),
	(3358, '1.4 TCe 130 Dynamique TomTom', 359),
	(3359, '1.4 TCe 130 Expression', 359),
	(3360, '1.4 TCe 130 Privilege TomTom', 359),
	(3361, '1.4 TCe 130 i-Music', 359),
	(3362, '1.4 TCe Dynamique', 359),
	(3363, '1.4 TCe Expression', 359),
	(3364, '1.4 TCe Privilege', 359),
	(3365, '1.5 dCi 106 Dynamique 5st', 359),
	(3366, '1.5 dCi 106 Dynamique 7st', 359),
	(3367, '1.5 dCi 106 Dynamique S 5st', 359),
	(3368, '1.5 dCi 106 Dynamique S 7st', 359),
	(3369, '1.5 dCi 106 Dynamique TomTom', 359),
	(3370, '1.5 dCi 106 Expression', 359),
	(3371, '1.5 dCi 106 Extreme', 359),
	(3372, '1.5 dCi 106 Privilege TomTom', 359),
	(3373, '1.5 dCi 106 Team 5st', 359),
	(3374, '1.5 dCi 106 Team 7st', 359),
	(3375, '1.5 dCi 106 i-Music', 359),
	(3376, '1.5 dCi Dynamique', 359),
	(3377, '1.5 dCi Expression', 359),
	(3378, '1.5 dCi Extreme', 359),
	(3379, '1.5 dCi Privilege', 359),
	(3380, '1.6 16v Dynamique 5st', 359),
	(3381, '1.6 16v Dynamique 7st', 359),
	(3382, '1.6 16v Dynamique S 5st', 359),
	(3383, '1.6 16v Dynamique S 7st', 359),
	(3384, '1.6 16v Team 5st', 359),
	(3385, '1.6 16v Team 7st', 359),
	(3386, '1.6 VVT Dynamique', 359),
	(3387, '1.6 VVT Dynamique TomTom', 359),
	(3388, '1.6 VVT Expression', 359),
	(3389, '1.6 VVT Extreme', 359),
	(3390, '1.6 VVT i-Music', 359),
	(3391, '1.9 dCi 130 Dynamique 5st', 359),
	(3392, '1.9 dCi 130 Dynamique 7st', 359),
	(3393, '1.9 dCi 130 Dynamique S 5st', 359),
	(3394, '1.9 dCi 130 Dynamique S 7st', 359),
	(3395, '1.9 dCi 130 Dynamique TomTom', 359),
	(3396, '1.9 dCi 130 Expression', 359),
	(3397, '1.9 dCi 130 Privilege TomTom', 359),
	(3398, '1.9 dCi 130 Team 5st', 359),
	(3399, '1.9 dCi 130 Team 7st', 359),
	(3400, '1.9 dCi 130 i-Music', 359),
	(3401, '1.9 dCi Dynamique', 359),
	(3402, '1.9 dCi Expression', 359),
	(3403, '1.9 dCi Privilege', 359),
	(3404, '2.0 16v Dynamique 5st', 359),
	(3405, '2.0 16v Dynamique 7st', 359),
	(3406, '2.0 16v Dynamique S 5st', 359),
	(3407, '2.0 16v Dynamique S 7st', 359),
	(3408, '2.0 VVT Dynamique Auto', 359),
	(3409, '2.0 VVT Dynamique TomTom Auto', 359),
	(3410, '2.0 VVT Expression Auto', 359),
	(3411, '2.0 VVT Privilege', 359),
	(3412, '2.0 VVT Privilege Auto', 359),
	(3413, '2.0 VVT Privilege TomTom Auto', 359),
	(3414, '2.0 VVT i-Music Auto', 359),
	(3415, '2.0 dCi 150 Dyn. TomTom Auto', 359),
	(3416, '2.0 dCi 150 Dynamique 5st', 359),
	(3417, '2.0 dCi 150 Dynamique 7st', 359),
	(3418, '2.0 dCi 150 Dynamique Auto', 359),
	(3419, '2.0 dCi 150 Dynamique S 5st', 359),
	(3420, '2.0 dCi 150 Dynamique S 7st', 359),
	(3421, '2.0 dCi 150 Priv. TomTom Auto', 359),
	(3422, '2.0 dCi 150 Privilege Auto', 359),
	(3423, '2.0 dCi 160 Dynamique', 359),
	(3424, '2.0 dCi 160 Dynamique TomTom', 359),
	(3425, '2.0 dCi 160 Privilege', 359),
	(3426, '2.0 dCi 160 Privilege TomTom', 359),
	(3427, '1.4 16v Team', 360),
	(3428, '1.4 TCe Dynamique', 360),
	(3429, '1.4 TCe Dynamique TomTom', 360),
	(3430, '1.4 TCe Expression', 360),
	(3431, '1.4 TCe Privilege', 360),
	(3432, '1.4 TCe Privilege TomTom', 360),
	(3433, '1.4 TCe TomTom', 360),
	(3434, '1.4 TCe i-Music', 360),
	(3435, '1.5 dCi 106 Conquest', 360),
	(3436, '1.5 dCi 106 Dynamique', 360),
	(3437, '1.5 dCi 106 Dynamique S', 360),
	(3438, '1.5 dCi 106 Dynamique TomTom', 360),
	(3439, '1.5 dCi 106 Expression', 360),
	(3440, '1.5 dCi 106 Extreme', 360),
	(3441, '1.5 dCi 106 Privilege', 360),
	(3442, '1.5 dCi 106 Privilege TomTom', 360),
	(3443, '1.5 dCi 106 Team', 360),
	(3444, '1.5 dCi 106 TomTom', 360),
	(3445, '1.5 dCi 106 i-Music', 360),
	(3446, '1.5 dCi 110 FAP Privilege', 360),
	(3447, '1.5 dCi 86 Dynamique', 360),
	(3448, '1.5 dCi 86 Extreme', 360),
	(3449, '1.5 dCi 86 Team', 360),
	(3450, '1.6 16v Conquest', 360),
	(3451, '1.6 16v Dynamique', 360),
	(3452, '1.6 16v Dynamique S', 360),
	(3453, '1.6 16v Team', 360),
	(3454, '1.6 VVT Dynamique', 360),
	(3455, '1.6 VVT Dynamique TomTom', 360),
	(3456, '1.6 VVT Expression', 360),
	(3457, '1.6 VVT Extreme', 360),
	(3458, '1.6 VVT TomTom', 360),
	(3459, '1.6 VVT i-Music', 360),
	(3460, '1.9 dCi 130 Conquest', 360),
	(3461, '1.9 dCi 130 Dynamique', 360),
	(3462, '1.9 dCi 130 Dynamique S', 360),
	(3463, '1.9 dCi 130 Dynamique TomTom', 360),
	(3464, '1.9 dCi 130 Expression', 360),
	(3465, '1.9 dCi 130 Privilege', 360),
	(3466, '1.9 dCi 130 Privilege TomTom', 360),
	(3467, '1.9 dCi 130 Team Auto', 360),
	(3468, '1.9 dCi 130 TomTom', 360),
	(3469, '1.9 dCi 130 i-Music', 360),
	(3470, '2.0 16v Dynamique', 360),
	(3471, '2.0 16v Dynamique S', 360),
	(3472, '2.0 VVT Dynamique Auto', 360),
	(3473, '2.0 VVT Dynamique TomTom Auto', 360),
	(3474, '2.0 VVT Expression Auto', 360),
	(3475, '2.0 VVT Privilege Auto', 360),
	(3476, '2.0 VVT Privilege TomTom Auto', 360),
	(3477, '2.0 VVT TomTom Auto', 360),
	(3478, '2.0 VVT i-Music Auto', 360),
	(3479, '2.0 dCi 150 Dyn. TomTom Auto', 360),
	(3480, '2.0 dCi 150 Dynamique', 360),
	(3481, '2.0 dCi 150 Dynamique S', 360),
	(3482, '2.0 dCi 150 FAP Dynamique Auto', 360),
	(3483, '2.0 dCi 150 FAP Privilege Auto', 360),
	(3484, '2.0 dCi 150 FAP TomTom Auto', 360),
	(3485, '2.0 dCi 150 Priv. TomTom Auto', 360),
	(3486, '2.0 dCi 160 Dynamique TomTom', 360),
	(3487, '2.0 dCi 160 FAP Dynamique', 360),
	(3488, '2.0 dCi 160 FAP Privilege', 360),
	(3489, '2.0 dCi 160 FAP TomTom', 360),
	(3490, '2.0 dCi 160 Privilege TomTom', 360),
	(3491, 'Scenic', 360),
	(3492, '1.4 TCe', 361),
	(3493, '1.4 TCe 130 Dynamique', 361),
	(3494, '1.4 TCe 130 Dynamique TomTom', 361),
	(3495, '1.4 TCe 130 Privilege', 361),
	(3496, '1.4 TCe 130 Privilege TomTom', 361),
	(3497, '1.4 TCe 130 TomTom', 361),
	(3498, '1.4 TCe Dynamique', 361),
	(3499, '1.4 TCe Dynamique TomTom', 361),
	(3500, '1.4 TCe Privilege', 361),
	(3501, '1.4 TCe Privilege TomTom', 361),
	(3502, '1.5 dCi 106 Dynamique', 361),
	(3503, '1.5 dCi 106 Dynamique TomTom', 361),
	(3504, '1.5 dCi 106 Expression', 361),
	(3505, '1.5 dCi 106 Privilege', 361),
	(3506, '1.5 dCi 106 Privilege TomTom', 361),
	(3507, '1.5 dCi 106 TomTom', 361),
	(3508, '1.5 dCi 106 World Series', 361),
	(3509, '1.5 dCi 106 i-Music', 361),
	(3510, '1.5 dCi 110', 361),
	(3511, '1.5 dCi 86 Expression', 361),
	(3512, '1.5 dCi 86 Extreme', 361),
	(3513, '1.5 dCi 86 i-Music', 361),
	(3514, '1.6 100 Expression', 361),
	(3515, '1.6 100 Extreme', 361),
	(3516, '1.6 100 i-Music', 361),
	(3517, '1.6 VVT 110', 361),
	(3518, '1.6 VVT 110 Dynamique', 361),
	(3519, '1.6 VVT 110 Dynamique TomTom', 361),
	(3520, '1.6 VVT 110 Expression', 361),
	(3521, '1.6 VVT 110 Privilege', 361),
	(3522, '1.6 VVT 110 TomTom', 361),
	(3523, '1.6 VVT 110 World Series', 361),
	(3524, '1.6 VVT 110 i-Music', 361),
	(3525, '1.9 dCi 130', 361),
	(3526, '1.9 dCi 130 Dynamique', 361),
	(3527, '1.9 dCi 130 Dynamique TomTom', 361),
	(3528, '1.9 dCi 130 Privilege', 361),
	(3529, '1.9 dCi 130 Privilege TomTom', 361),
	(3530, '1.9 dCi 130 TomTom', 361),
	(3531, '2.0 140 Auto', 361),
	(3532, '2.0 140 Dynamique TomTom Auto', 361),
	(3533, '2.0 140 Privilege Auto', 361),
	(3534, '2.0 140 Privilege TomTom Auto', 361),
	(3535, '2.0 150 Privilege TomTom Auto', 361),
	(3536, '2.0 TCe 180 Dynamique', 361),
	(3537, '2.0 TCe 180 Dynamique TomTom', 361),
	(3538, '2.0 TCe 180 Privilege', 361),
	(3539, '2.0 TCe 180 Privilege TomTom', 361),
	(3540, '2.0 dCi 150 FAP Privilege Auto', 361),
	(3541, '2.0 dCi 160', 361),
	(3542, '2.0 dCi 160 FAP Privilege', 361),
	(3543, '2.0 dCi 160 Privilege TomTom', 361),
	(3544, '2.0 dCi Privilege TomTom Auto', 361),
	(3545, '2.0T Renaultsport 250', 361),
	(3546, '2.0T Renaultsport 250 Cup', 361),
	(3547, '2.0d 150 Privilege TomTom Auto', 361),
	(3548, '1.2 16v 75 Dynamique', 362),
	(3549, '1.2 16v 75 Dynamique TomTom', 362),
	(3550, '1.2 16v 75 Expression', 362),
	(3551, '1.2 16v 75 Expression (AC)', 362),
	(3552, '1.2 16v 75 Extreme', 362),
	(3553, '1.2 16v 75 Extreme (AC)', 362),
	(3554, '1.2 16v 75 S', 362),
	(3555, '1.2 16v 75 S (AC)', 362),
	(3556, '1.2 16v 75 TomTom Edition', 362),
	(3557, '1.2 16v 75 World Series', 362),
	(3558, '1.2 16v 75 i-Music', 362),
	(3559, '1.2 16v Dynamique', 362),
	(3560, '1.2 16v Ethanol E85 Rip Curl', 362),
	(3561, '1.2 16v Etnanol E85 Rip Curl', 362),
	(3562, '1.2 16v Expression', 362),
	(3563, '1.2 16v Expression (AC)', 362),
	(3564, '1.2 16v Extreme', 362),
	(3565, '1.2 16v Rip Curl', 362),
	(3566, '1.2 TCE 100 Dynamique', 362),
	(3567, '1.2 TCE 100 Expression', 362),
	(3568, '1.2 TCE 100 Expression (AC)', 362),
	(3569, '1.2 TCE Dynamique', 362),
	(3570, '1.2 TCE Dynamique S', 362),
	(3571, '1.2 TCE Expression', 362),
	(3572, '1.2 TCE Expression (AC)', 362),
	(3573, '1.2 TCe 100 20th Special Ed', 362),
	(3574, '1.2 TCe 100 Dynamique', 362),
	(3575, '1.2 TCe 100 Dynamique TomTom', 362),
	(3576, '1.2 TCe 100 Expression', 362),
	(3577, '1.2 TCe 100 Expression (AC)', 362),
	(3578, '1.2 TCe 100 Privilege', 362),
	(3579, '1.2 TCe 100 Privilege TomTom', 362),
	(3580, '1.2 TCe 100 S', 362),
	(3581, '1.2 TCe 100 S (AC)', 362),
	(3582, '1.2 TCe 100 World Series', 362),
	(3583, '1.2 TCe 100 i-Music', 362),
	(3584, '1.5 dCi 106 20th Special Ed', 362),
	(3585, '1.5 dCi 106 Dynamique', 362),
	(3586, '1.5 dCi 106 Dynamique S', 362),
	(3587, '1.5 dCi 106 GT', 362),
	(3588, '1.5 dCi 106 Initiale', 362),
	(3589, '1.5 dCi 106 Initiale TomTom', 362),
	(3590, '1.5 dCi 106 Privilege', 362),
	(3591, '1.5 dCi 106 Privilege TomTom', 362),
	(3592, '1.5 dCi 86 20th SpecialEdition', 362),
	(3593, '1.5 dCi 86 Dynamique', 362),
	(3594, '1.5 dCi 86 Dynamique S', 362),
	(3595, '1.5 dCi 86 Dynamique TomTom', 362),
	(3596, '1.5 dCi 86 Expression', 362),
	(3597, '1.5 dCi 86 Expression (AC)', 362),
	(3598, '1.5 dCi 86 Extreme', 362),
	(3599, '1.5 dCi 86 Extreme (AC)', 362),
	(3600, '1.5 dCi 86 Privilege', 362),
	(3601, '1.5 dCi 86 Privilege TomTom', 362),
	(3602, '1.5 dCi 86 Rip Curl', 362),
	(3603, '1.5 dCi 86 S', 362),
	(3604, '1.5 dCi 86 S (AC)', 362),
	(3605, '1.5 dCi 86 TomTom Edition', 362),
	(3606, '1.5 dCi 86 i-Music', 362),
	(3607, '1.6 16v 75 i-Music', 362),
	(3608, '1.6 VVT 111 Expression Auto', 362),
	(3609, '1.6 VVT 111 Expression(AC)Auto', 362),
	(3610, '1.6 VVT 111 Initiale Auto', 362),
	(3611, '1.6 VVT 128 20th Special Ed', 362),
	(3612, '1.6 VVT 128 GT', 362),
	(3613, '1.6 VVT 128 Privilege', 362),
	(3614, '1.6 VVT 128 Privilege TomTom', 362),
	(3615, '1.6 VVT Expression (AC) Auto', 362),
	(3616, '1.6 VVT Expression Auto', 362),
	(3617, '1.6 VVT Expression Auto (AC)', 362),
	(3618, '1.6 VVT Initiale Auto', 362),
	(3619, '1.6 VVT111 Initiale TomTomAuto', 362),
	(3620, '2.0 Renaultsport 197', 362),
	(3621, '2.0 Renaultsport 197 Cup', 362),
	(3622, '2.0 Renaultsport 197 Lux', 362),
	(3623, '2.0 Renaultsport 200', 362),
	(3624, '2.0 Renaultsport 200 Cup', 362),
	(3625, '2.0 VVT Dynamique S', 362),
	(3626, '2.0 16v Team', 363),
	(3627, '2.0 dCi 130 Dynamique', 363),
	(3628, '2.0 dCi 130 Team', 363),
	(3629, '2.0 dCi 150 Dynamique', 363),
	(3630, '2.0 dCi 150 Dynamique S', 363),
	(3631, '2.0 dCi 150 Team', 363),
	(3632, '2.0 dCi 175 Dynamique FAP', 363),
	(3633, '2.0 dCi 175 Dynamique S FAP', 363),
	(3634, '2.0T 16v Dynamique S', 363),
	(3635, 'Grand 2.0 dCi 150 Dynamique', 363),
	(3636, 'Grand 2.0 dCi 150 Dynamique S', 363),
	(3637, 'Grand 2.0 dCi 150 Initiale', 363),
	(3638, 'Grand 2.0 dCi 150 Team', 363),
	(3639, 'Grand 2.0 dCi 175 Dynamique', 363),
	(3640, 'Grand 2.0 dCi 175 Dynamique S', 363),
	(3641, 'Grand 2.0 dCi 175 Initiale', 363),
	(3642, 'Grand 2.0T Dynamique S', 363),
	(3643, 'Grand 3.0 V6 dCi Initiale Auto', 363),
	(3644, '1.5 dCi 110 Dynamique', 364),
	(3645, '1.5 dCi 110 Expression', 364),
	(3646, '1.5 dCi 110 eco2 Dyn. TomTom', 364),
	(3647, '1.5 dCi 110 eco2 Dynamique', 364),
	(3648, '1.5 dCi 110 eco2 Expression', 364),
	(3649, '1.5 dCi 110 eco2 TomTom', 364),
	(3650, '2.0 140 Dynamique', 364),
	(3651, '2.0 140 Dynamique S', 364),
	(3652, '2.0 140 Dynamique TomTom', 364),
	(3653, '2.0 140 Expression', 364),
	(3654, '2.0 140 Initiale', 364),
	(3655, '2.0 dCi 130 Dynamique', 364),
	(3656, '2.0 dCi 130 Dynamique TomTom', 364),
	(3657, '2.0 dCi 130 Expression', 364),
	(3658, '2.0 dCi 130 TomTom', 364),
	(3659, '2.0 dCi 150', 364),
	(3660, '2.0 dCi 150 Dynamique', 364),
	(3661, '2.0 dCi 150 Dynamique S', 364),
	(3662, '2.0 dCi 150 Dynamique TomTom', 364),
	(3663, '2.0 dCi 150 Expression', 364),
	(3664, '2.0 dCi 150 FAP Dynamique Auto', 364),
	(3665, '2.0 dCi 150 FAP Dynamique S Au', 364),
	(3666, '2.0 dCi 150 FAP Initiale', 364),
	(3667, '2.0 dCi 150 FAP Initiale Auto', 364),
	(3668, '2.0 dCi 150 FAP eco2 Dynamique', 364),
	(3669, '2.0 dCi 150 FAP eco2 TomTom', 364),
	(3670, '2.0 dCi 150 Initiale', 364),
	(3671, '2.0 dCi 150 Initiale TomTom', 364),
	(3672, '2.0 dCi 150 TomTom', 364),
	(3673, '2.0 dCi 175 FAP Dynamique', 364),
	(3674, '2.0 dCi 175 FAP Dynamique S', 364),
	(3675, '2.0 dCi 175 FAP Initiale', 364),
	(3676, '2.0 dCi 180 FAP Dynamique', 364),
	(3677, '2.0 dCi 180 FAP Initiale', 364),
	(3678, '2.0 dCi 180 GT', 364),
	(3679, '2.0 dCi GT', 364),
	(3680, '2.0T 170 Dynamique Auto', 364),
	(3681, '2.0T 170 Dynamique S Auto', 364),
	(3682, '2.0T 170 Initiale', 364),
	(3683, '2.0T 170 Initiale Auto', 364),
	(3684, '2.0T 205', 364),
	(3685, '2.0T 205 GT', 364),
	(3686, '2.0T GT', 364),
	(3687, '2.0dCi 150 FAP Dyn.TomTom Auto', 364),
	(3688, '2.0dCi 150 FAP Initiale TomTom', 364),
	(3689, '2.0dCi 150 FAP eco2 Dyn.TomTom', 364),
	(3690, '2.0dCi 150FAP Init.TomTom Auto', 364),
	(3691, '2.0dCi 180 FAP Dyn. TomTom', 364),
	(3692, '2.0dCi 180 FAP Initiale TomTom', 364),
	(3693, '2.0dCi 180FAP Dynamique TomTom', 364),
	(3694, '3.0 V6 dCi GT', 364),
	(3695, '3.5 V6 GT', 364),
	(3696, '1.2 16v Expression', 365),
	(3697, '1.2 16v i-Music', 365),
	(3698, '1.2 TCE Dynamique', 365),
	(3699, '1.2 TCE Expression', 365),
	(3700, '1.2 TCE i-Music', 365),
	(3701, '1.5 dCi 106 Dynamique', 365),
	(3702, '1.5 dCi 86 Dynamique', 365),
	(3703, '1.5 dCi 86 Expression', 365),
	(3704, '1.5 dCi 86 i-Music', 365),
	(3705, '1.6 VVT Dynamique Auto', 365),
	(3706, '1.4 TCe 130 Dynamique', 3705),
	(3707, '1.4 TCe 130 Privilege', 3705),
	(3708, '1.4 TCe 130 TomTom', 3705),
	(3709, '1.5 dCi 106 Dynamique', 3705),
	(3710, '1.5 dCi 106 Expression', 3705),
	(3711, '1.5 dCi 106 Privilege', 3705),
	(3712, '1.5 dCi 106 TomTom', 3705),
	(3713, '1.5 dCi 106 World Series', 3705),
	(3714, '1.5 dCi 86 Expression', 3705),
	(3715, '1.5 dCi 86 Extreme', 3705),
	(3716, '1.6 100 Expression', 3705),
	(3717, '1.6 100 Extreme', 3705),
	(3718, '1.6 VVT 110 Dynamique', 3705),
	(3719, '1.6 VVT 110 Expression', 3705),
	(3720, '1.6 VVT 110 Privilege', 3705),
	(3721, '1.6 VVT 110 TomTom', 3705),
	(3722, '1.6 VVT 110 World Series', 3705),
	(3723, '1.9 dCi 130 Dynamique', 3705),
	(3724, '1.9 dCi 130 Privilege', 3705),
	(3725, '1.9 dCi 130 TomTom', 3705),
	(3726, '2.0 140 CVT Privilege', 3705),
	(3727, '2.0 140 Privilege Auto', 3705),
	(3728, '2.0 TCe 180 Dynamique', 3705),
	(3729, '2.0 TCe 180 Privilege', 3705),
	(3730, '2.0 dCi 150 FAP Privilege Auto', 3705),
	(3731, '2.0 dCi 160 FAP Privilege', 3705),
	(3732, 'Megane Sport Tourer', 3705),
	(3733, '1.2 16v Expression (Euro IV)', 366),
	(3734, '1.2 Authentique (Euro IV)', 366),
	(3735, '1.5 dCi 106 Dynamique TomTom', 366),
	(3736, '1.5 dCi 106 Expression', 366),
	(3737, '1.5 dCi 106 i-Music', 366),
	(3738, '1.5 dCi 68 Authentique', 366),
	(3739, '1.5 dCi 68 Expression', 366),
	(3740, '1.5 dCi 68 Extreme', 366),
	(3741, '1.5 dCi 86 Dynamique TomTom', 366),
	(3742, '1.5 dCi 86 Expression', 366),
	(3743, '1.5 dCi 86 Extreme', 366),
	(3744, '1.5 dCi 86 i-Music', 366),
	(3745, '1.6 16v Auto Extreme', 366),
	(3746, '1.6 16v Expression', 366),
	(3747, '1.6 16v Extreme Auto', 366),
	(3748, '1.6 8v Expression', 366),
	(3749, '1.6 8v Extreme', 366),
	(3750, '1.6 8v i-Music', 366),
	(3751, '1.6 Authentique Auto', 366),
	(3752, '1.6 Expression', 366),
	(3753, 'Kangoo', 366),
	(3754, '1.2 60 Extreme', 367),
	(3755, '1.2 60 Freeway', 367),
	(3756, '1.2 75 Dynamique (AC)', 367),
	(3757, '1.2 TCE 100 GT', 367),
	(3758, '1.6 Gordini Renaultsport', 367),
	(3759, '1.6 Gordini Renaultsport Cup', 367),
	(3760, '1.6 Renaultsport', 367),
	(3761, '1.6 Renaultsport Cup', 367),
	(3762, '2.0 dCi 150 Dynamique 2WD', 368),
	(3763, '2.0 dCi 150 Dynamique 4WD', 368),
	(3764, '2.0 dCi 150 Dynamique S', 368),
	(3765, '2.0 dCi 150 Dynamique S 2WD', 368),
	(3766, '2.0 dCi 150 Dynamique S 4WD', 368),
	(3767, '2.0 dCi 150 Dynamique S Nav', 368),
	(3768, '2.0 dCi 150 Privilege 4WD', 368),
	(3769, '2.0 dCi 175 Privilege 4WD', 368),
	(3770, '1.2 16v Expression', 369),
	(3771, '1.2 16v i-Music', 369),
	(3772, '1.2 TCE Dynamique', 369),
	(3773, '1.5 dCi 86 Dynamique', 369),
	(3774, '1.5 dCi 86 Expression', 369),
	(3775, '1.5 dCi 86 i-Music', 369),
	(3776, '1.6 VVT Dynamique Auto', 369),
	(3777, '1.5 dCi 104', 370),
	(3778, '1.5 dCi 84', 370),
	(3779, '1.6 16v', 370),
	(3780, 'Z.E. 44kW', 370),
	(3781, '6.8 V12', 371),
	(3782, '6.8 V12 Drophead', 371),
	(3783, '6.8 V12 EWB', 371),
	(3784, '6.6 V12', 372),
	(3785, 'TT', 373),
	(3786, '1.8i Airflow', 374),
	(3787, '1.8i Airflow (Sat Nav)', 374),
	(3788, '1.8i Linear SE', 374),
	(3789, '1.8i Vector Sport', 374),
	(3790, '1.8t Airflow', 374),
	(3791, '1.8t Airflow (Sat Nav)', 374),
	(3792, '1.8t BioPower Linear SE', 374),
	(3793, '1.8t BioPower Vector Sport', 374),
	(3794, '1.8t Linear SE', 374),
	(3795, '1.8t Vector Sport', 374),
	(3796, '1.9TTiD', 374),
	(3797, '1.9TTiD 180 Aero', 374),
	(3798, '1.9TTiD 180 Vector Sport', 374),
	(3799, '1.9TiD 120 Airflow', 374),
	(3800, '1.9TiD 120 Airflow (Sat Nav)', 374),
	(3801, '1.9TiD 120 Linear SE', 374),
	(3802, '1.9TiD 120 Vector Sport', 374),
	(3803, '1.9TiD 150 Airflow', 374),
	(3804, '1.9TiD 150 Airflow (Sat Nav)', 374),
	(3805, '1.9TiD 150 Linear SE', 374),
	(3806, '1.9TiD 150 Vector Sport', 374),
	(3807, '2.0T Aero', 374),
	(3808, '2.0T Aero XWD', 374),
	(3809, '2.0T XWD', 374),
	(3810, '2.0t BioPower Vector Sport', 374),
	(3811, '2.0t Vector Sport', 374),
	(3812, '2.8 V6 Aero', 374),
	(3813, '2.8 V6 Turbo X', 374),
	(3814, '2.8 V6 XWD Aero', 374),
	(3815, '9-3X', 374),
	(3816, '1.6T Vector SE', 375),
	(3817, '1.9 TiD Turbo Edition', 375),
	(3818, '2.0 TTiD Aero', 375),
	(3819, '2.0 TTiD Vector SE', 375),
	(3820, '2.0 TiD Vector SE', 375),
	(3821, '2.0T Aero', 375),
	(3822, '2.0T BioPower', 375),
	(3823, '2.0T BioPower XWD', 375),
	(3824, '2.0T Vector SE', 375),
	(3825, '2.0T XWD', 375),
	(3826, '2.0t Biopower Turbo Edition', 375),
	(3827, '2.0t Turbo Edition', 375),
	(3828, '2.3 HOT Turbo Edition', 375),
	(3829, '2.8T XWD Aero', 375),
	(3830, '9-5', 375),
	(3831, '2.4 T', 376),
	(3832, '2.0 TDI 120', 377),
	(3833, '2.0 TDI 120 S', 377),
	(3834, '2.0 TDI 120 SE', 377),
	(3835, '2.0 TDI 143 S', 377),
	(3836, '2.0 TDI 143 SE', 377),
	(3837, '2.0 TDI 143 SE Lux', 377),
	(3838, '2.0 TDI 143 Sport', 377),
	(3839, '2.0 TDI 170 SE Lux', 377),
	(3840, '2.0 TDI 170 Sport', 377),
	(3841, '2.0 TSI Sport', 377),
	(3842, '1.2 TSI S', 378),
	(3843, '1.2 TSI S Emocion', 378),
	(3844, '1.2 TSI SE', 378),
	(3845, '1.6 Reference', 378),
	(3846, '1.6 Reference Sport', 378),
	(3847, '1.6 Stylance', 378),
	(3848, '1.6 TDI 105 Ecomotive S', 378),
	(3849, '1.6 TDI 105 Ecomotive SE', 378),
	(3850, '1.6 TDI 105 SE Auto', 378),
	(3851, '1.6TDI 105 Ecomotive S Emocion', 378),
	(3852, '1.9 TDI 105 S', 378),
	(3853, '1.9 TDI 105 S Emocion', 378),
	(3854, '1.9 TDI 105 SE', 378),
	(3855, '1.9 TDI Reference', 378),
	(3856, '1.9 TDI Reference Sport', 378),
	(3857, '1.9 TDI Stylance', 378),
	(3858, '2.0 TDI 140 SE', 378),
	(3859, '2.0 TDI 140 Stylance', 378),
	(3860, '2.0 TDI 170 FR', 378),
	(3861, '2.0 TDI 170 Freetrack 4', 378),
	(3862, '2.0 TDI CR 170 Sport', 378),
	(3863, '2.0T FSI FR', 378),
	(3864, '2.0T FSI Freetrack 4', 378),
	(3865, 'XL 1.2 TSI S', 378),
	(3866, 'XL 1.2 TSI SE', 378),
	(3867, 'XL 1.6 Reference', 378),
	(3868, 'XL 1.6 TDI 105 Ecomotive S', 378),
	(3869, 'XL 1.6 TDI 105 Ecomotive SE', 378),
	(3870, 'XL 1.6 TDI 105 SE Auto', 378),
	(3871, 'XL 1.8T FSI Stylance', 378),
	(3872, 'XL 1.9 TDI 105 S', 378),
	(3873, 'XL 1.9 TDI 105 SE', 378),
	(3874, 'XL 1.9 TDI Reference', 378),
	(3875, 'XL 1.9 TDI Stylance', 378),
	(3876, 'XL 2.0 FSI Stylance Auto', 378),
	(3877, 'XL 2.0 TDI 140 SE', 378),
	(3878, 'XL 2.0 TDI 140 Stylance', 378),
	(3879, 'XL 2.0 TDI 170 Stylance', 378),
	(3880, 'XL 2.0 TDI CR 170 Sport', 378),
	(3881, '1.2 TSI S', 379),
	(3882, '1.2 TSI S Emocion', 379),
	(3883, '1.2 TSI SE', 379),
	(3884, '1.4 S', 379),
	(3885, '1.4 TSI SE', 379),
	(3886, '1.4 TSI Sport', 379),
	(3887, '1.4 TSI Stylance', 379),
	(3888, '1.6 Emocin', 379),
	(3889, '1.6 Reference', 379),
	(3890, '1.6 S', 379),
	(3891, '1.6 S Emocion', 379),
	(3892, '1.6 TDI 105 Ecomotive S', 379),
	(3893, '1.6 TDI 105 Ecomotive SE', 379),
	(3894, '1.6 TDI 105 Ecomotive Tech S', 379),
	(3895, '1.6 TDI 105 Ecomotive Tech SE', 379),
	(3896, '1.6 TDI 105 S', 379),
	(3897, '1.6 TDI 105 S Ecomotive', 379),
	(3898, '1.6 TDI 105 S Ecomotive Tech', 379),
	(3899, '1.6 TDI 105 S Emocion', 379),
	(3900, '1.6 TDI 105 SE', 379),
	(3901, '1.6 TDI 105 SE Ecomotive', 379),
	(3902, '1.6 TDI 105 SE Ecomotive Tech', 379),
	(3903, '1.9  TDI 105 S Emocion', 379),
	(3904, '1.9  TDI S Emocion', 379),
	(3905, '1.9 TDI 105 S', 379),
	(3906, '1.9 TDI 105 S Ecomotive', 379),
	(3907, '1.9 TDI 105 SE', 379),
	(3908, '1.9 TDI 105 SE Ecomotive', 379),
	(3909, '1.9 TDI 90 S', 379),
	(3910, '1.9 TDI Ecomotive', 379),
	(3911, '1.9 TDI Emocin', 379),
	(3912, '1.9 TDI Reference', 379),
	(3913, '1.9 TDI S', 379),
	(3914, '1.9 TDI S 105', 379),
	(3915, '1.9 TDI S Ecomentive', 379),
	(3916, '1.9 TDI SE', 379),
	(3917, '1.9 TDI SE Ecomotive', 379),
	(3918, '1.9 TDI Stylance', 379),
	(3919, '1.9 TDI Stylance Nav', 379),
	(3920, '2.0 TDI 140 SE', 379),
	(3921, '2.0 TDI 140 Sport', 379),
	(3922, '2.0 TDI 170 FR', 379),
	(3923, '2.0 TDI DSG Auto SE', 379),
	(3924, '2.0 TDI DSG Auto Sport', 379),
	(3925, '2.0 TDI FR', 379),
	(3926, '2.0 TDI SE', 379),
	(3927, '2.0 TDI Sport', 379),
	(3928, '2.0 TDI Stylance', 379),
	(3929, '2.0 TDI Stylance Nav Lux', 379),
	(3930, '2.0 TFSI Cupra', 379),
	(3931, '2.0 TFSI Cupra K1', 379),
	(3932, '2.0 TSI 211 FR', 379),
	(3933, '2.0 TSI 240 Cupra', 379),
	(3934, '2.0 TSI 265 Cupra R', 379),
	(3935, '2.0 TSI Cupra', 379),
	(3936, '2.0 TSI FR 211', 379),
	(3937, '2.0 TSI FR 211 DSG-auto', 379),
	(3938, '1.2 12v 60 E', 380),
	(3939, '1.2 12v 70 S', 380),
	(3940, '1.2 12v 70 S (AC)', 380),
	(3941, '1.2 12v S', 380),
	(3942, '1.2 12v S a/c', 380),
	(3943, '1.4 16v 85 SE', 380),
	(3944, '1.4 16v 85 Sport', 380),
	(3945, '1.4 16v 85 Sport Black', 380),
	(3946, '1.4 16v SE', 380),
	(3947, '1.4 16v Sport', 380),
	(3948, '1.4 16v Sport Black', 380),
	(3949, '1.4 TDI 80 S (AC)', 380),
	(3950, '1.4 TDI Ecomotive', 380),
	(3951, '1.4 TSI 150 FR', 380),
	(3952, '1.4 TSI 180 Bocanegra', 380),
	(3953, '1.4 TSI 180 Cupra', 380),
	(3954, '1.6 16v SE Auto', 380),
	(3955, '1.6 16v Sport', 380),
	(3956, '1.6 TDI CR Sport', 380),
	(3957, '1.9 TDi Sport', 380),
	(3958, '2.0 TDI CR FR', 380),
	(3959, '1.9 TDI PD SE Tiptronic', 381),
	(3960, '1.9 TDI PD Stylance Tiptronic', 381),
	(3961, '2.0 8v Reference', 381),
	(3962, '2.0 TDI PD Ecomotive', 381),
	(3963, '2.0 TDI PD Reference', 381),
	(3964, '2.0 TDI PD S', 381),
	(3965, '2.0 TDI PD SE', 381),
	(3966, '2.0 TDI PD Stylance', 381),
	(3967, '1.9 TDI Stylance', 382),
	(3968, '2.0 TDI Stylance', 382),
	(3969, '6.6 V8', 383),
	(3970, '1.4 TSI S', 384),
	(3971, '1.8 TSI 4WD Elegance', 384),
	(3972, '1.8 TSI 4WD SE', 384),
	(3973, '1.8 TSI Elegance', 384),
	(3974, '1.8 TSI Elegance 4WD', 384),
	(3975, '1.8 TSI Elegance 4x4', 384),
	(3976, '1.8 TSI S', 384),
	(3977, '1.8 TSI SE', 384),
	(3978, '1.8 TSI SE 4WD', 384),
	(3979, '1.8 TSI SE 4x4', 384),
	(3980, '1.9 TDI Greenline', 384),
	(3981, '1.9 TDI PD 105 S', 384),
	(3982, '1.9 TDI PD 105 SE', 384),
	(3983, '1.9 TDI S', 384),
	(3984, '1.9 TDI SE', 384),
	(3985, '2.0 TDI 140 Elegance', 384),
	(3986, '2.0 TDI 140 S', 384),
	(3987, '2.0 TDI 140 SE', 384),
	(3988, '2.0 TDI 170 Elegance', 384),
	(3989, '2.0 TDI 170 Elegance 4WD', 384),
	(3990, '2.0 TDI 170 Elegance 4x4', 384),
	(3991, '2.0 TDI 170 SE', 384),
	(3992, '2.0 TDI 170 SE 4WD', 384),
	(3993, '2.0 TDI 170 SE 4x4', 384),
	(3994, '2.0 TDI CR 170 4WD Elegance', 384),
	(3995, '2.0 TDI CR 170 4WD SE', 384),
	(3996, '2.0 TDI CR 170 Elegance', 384),
	(3997, '2.0 TDI CR 170 SE', 384),
	(3998, '2.0 TDI PD 140 Elegance', 384),
	(3999, '2.0 TDI PD 140 S', 384),
	(4000, '2.0 TDI PD 140 SE', 384),
	(4001, '3.2 V6 4WD DSG Elegance', 384),
	(4002, '3.6 V6 FSI Elegance 4WD', 384),
	(4003, '3.6 V6 FSI Elegance 4x4', 384),
	(4004, '1.2 TSI S', 385),
	(4005, '1.2 TSI SE', 385),
	(4006, '1.4 16v S', 385),
	(4007, '1.4 TSI Elegance', 385),
	(4008, '1.4 TSI S', 385),
	(4009, '1.4 TSI SE', 385),
	(4010, '1.6 MPI S', 385),
	(4011, '1.6 MPI SE', 385),
	(4012, '1.6 TDI CR Elegance', 385),
	(4013, '1.6 TDI CR Greenline', 385),
	(4014, '1.6 TDI CR S', 385),
	(4015, '1.6 TDI CR SE', 385),
	(4016, '1.8 TSI 4x4', 385),
	(4017, '1.8 TSI 4x4 Scout', 385),
	(4018, '1.8 TSI Elegance', 385),
	(4019, '1.8 TSI Laurin & Klement', 385),
	(4020, '1.8 TSI S', 385),
	(4021, '1.8 TSI SE', 385),
	(4022, '1.9 TDI PD 4x4', 385),
	(4023, '1.9 TDI PD Elegance', 385),
	(4024, '1.9 TDI PD S', 385),
	(4025, '1.9 TDI PD SE', 385),
	(4026, '2.0 TDI CR vRS', 385),
	(4027, '2.0 TDI CR vRS Limited Edition', 385),
	(4028, '2.0 TDI PD 4x4', 385),
	(4029, '2.0 TDI PD 4x4 Scout', 385),
	(4030, '2.0 TDI PD Elegance', 385),
	(4031, '2.0 TDI PD Laurin & Klement', 385),
	(4032, '2.0 TDI PD SE', 385),
	(4033, '2.0 TFSI vRS', 385),
	(4034, '2.0 TFSI vRS Limited Edition', 385),
	(4035, '1.2 12v 1', 386),
	(4036, '1.2 12v 2', 386),
	(4037, '1.2 12v 70 1', 386),
	(4038, '1.2 12v 70 2', 386),
	(4039, '1.2 12v 70 BlueLine', 386),
	(4040, '1.2 12v 70 Sport', 386),
	(4041, '1.2 6v 60 1', 386),
	(4042, '1.4 16v 2', 386),
	(4043, '1.4 16v 3', 386),
	(4044, '1.4 16v Scout', 386),
	(4045, '1.4 TDI PD 70 1', 386),
	(4046, '1.4 TDI PD 80 1', 386),
	(4047, '1.4 TDI PD 80 2', 386),
	(4048, '1.4 TDI PD 80 3', 386),
	(4049, '1.4 TDI PD 80 BlueLine', 386),
	(4050, '1.4 TDI PD 80 Greenline', 386),
	(4051, '1.4 TDI PD 80 Scout', 386),
	(4052, '1.4 TDI PD 80 Sport', 386),
	(4053, '1.6 16v 1 Tiptronic', 386),
	(4054, '1.6 16v 2', 386),
	(4055, '1.6 16v 3', 386),
	(4056, '1.6 16v Scout', 386),
	(4057, '1.6 16v Sport', 386),
	(4058, '1.9 TDI PD 2', 386),
	(4059, '1.9 TDI PD 3', 386),
	(4060, '1.9 TDI PD Scout', 386),
	(4061, '1.9 TDI PD Sport', 386),
	(4062, 'vRS', 386),
	(4063, '1.2 TSI E 2WD', 387),
	(4064, '1.2 TSI Elegance 2WD', 387),
	(4065, '1.2 TSI S 2WD', 387),
	(4066, '1.2 TSI SE 2WD', 387),
	(4067, '1.8 TSI Elegance 4WD', 387),
	(4068, '1.8 TSI SE 4WD', 387),
	(4069, '2.0 TDI CR 110 E 2WD', 387),
	(4070, '2.0 TDI CR 110 Elegance 2WD', 387),
	(4071, '2.0 TDI CR 110 Elegance 4WD', 387),
	(4072, '2.0 TDI CR 110 S 2WD', 387),
	(4073, '2.0 TDI CR 110 S 4WD', 387),
	(4074, '2.0 TDI CR 110 SE 2WD', 387),
	(4075, '2.0 TDI CR 110 SE 4WD', 387),
	(4076, '2.0 TDI CR 140 Elegance 4WD', 387),
	(4077, '2.0 TDI CR 140 SE 4WD', 387),
	(4078, '2.0 TDI CR 170 Elegance 4WD', 387),
	(4079, '1.2 12V S', 388),
	(4080, '1.4 16v S', 388),
	(4081, '1.4 16v SE', 388),
	(4082, '1.4 16v Scout', 388),
	(4083, '1.4 TDI PD 70 S', 388),
	(4084, '1.4 TDI PD 80 SE', 388),
	(4085, '1.4 TDI PD 80 Scout', 388),
	(4086, '1.6 16v 105 SE', 388),
	(4087, '1.6 16v 105 Scout', 388),
	(4088, '1.6 16v S Tiptronic', 388),
	(4089, '1.6 16v SE 105', 388),
	(4090, '1.6 16v Scout 105', 388),
	(4091, '1.9 TDI PD SE', 388),
	(4092, '1.9 TDI PD Scout', 388),
	(4093, '0.8 cdi Passion', 389),
	(4094, '0.8 cdi Pulse', 389),
	(4095, '0.8 cdi Pure', 389),
	(4096, '1.0 60 mhd Pure', 389),
	(4097, '1.0 70 mhd Limited Three', 389),
	(4098, '1.0 70 mhd Passion', 389),
	(4099, '1.0 70 mhd Pulse', 389),
	(4100, '1.0 70 mhd Pure', 389),
	(4101, '1.0 83 Passion', 389),
	(4102, '1.0 97 Brabus Xclusive', 389),
	(4103, '1.0 mhd Passion', 389),
	(4104, '1.0 mhd Pulse', 389),
	(4105, 'ED 450 30kW', 389),
	(4106, 'Lithium-Ion ED', 389),
	(4107, 'C8', 390),
	(4108, '4.2 V8 Aileron', 391),
	(4109, '2.0 EX 4WD', 392),
	(4110, '2.0 S 2WD', 392),
	(4111, '2.0 S 4WD', 392),
	(4112, '2.7 SPR Auto', 392),
	(4113, '270 ES', 393),
	(4114, '270 EX', 393),
	(4115, '270 S', 393),
	(4116, '270 R-Line', 394),
	(4117, '270 S', 394),
	(4118, '270 SPR', 394),
	(4119, '2.0 150 R', 395),
	(4120, '2.0 D S', 395),
	(4121, '2.0 D SE', 395),
	(4122, '2.0 D SE NavPlus', 395),
	(4123, '2.0TD R', 395),
	(4124, '2.0TD RE', 395),
	(4125, '2.0TD REn', 395),
	(4126, '2.5 173 S Auto', 395),
	(4127, '2.5 173 SE Auto', 395),
	(4128, '2.5 173 SEn Auto', 395),
	(4129, '2.5 SE', 395),
	(4130, '2.5 SEn', 395),
	(4131, '2.5i SE Lineatronic', 395),
	(4132, '2.5i SE Nav Plus Lineatronic', 395),
	(4133, '2.5i SE NavPlus Lineatronic', 395),
	(4134, '3.0 R', 395),
	(4135, '3.0 R spec.B', 395),
	(4136, '3.0 Rn', 395),
	(4137, '3.6R', 395),
	(4138, '3.0 S5', 396),
	(4139, '3.0 SE5', 396),
	(4140, '3.0 SE7', 396),
	(4141, '1.0 R', 397),
	(4142, '1.0 Twin Cam', 397),
	(4143, '2.0 X', 398),
	(4144, '2.0 XS', 398),
	(4145, '2.0D SureTrak', 398),
	(4146, '2.0D X', 398),
	(4147, '2.0D XC', 398),
	(4148, '2.0D XS NavPlus', 398),
	(4149, '2.0D XSn', 398),
	(4150, '1.5 R', 399),
	(4151, '1.5 R (C Pack)', 399),
	(4152, '1.5 R (X Pack)', 399),
	(4153, '1.5 RX', 399),
	(4154, '2.0 R', 399),
	(4155, '2.0 RX', 399),
	(4156, '2.0 WRX STI Spec C', 399),
	(4157, '2.0D RC', 399),
	(4158, '2.0D RX', 399),
	(4159, '2.5 WRX', 399),
	(4160, '2.5 WRX STI', 399),
	(4161, '2.5 WRX STI 330S', 399),
	(4162, '2.5 WRX-S', 399),
	(4163, '7.0 V8', 400),
	(4164, '6.6 V8', 401),
	(4165, '1.3 Attitude', 402),
	(4166, '1.3 DDiS', 402),
	(4167, '1.3 DDiS SZ3', 402),
	(4168, '1.3 GL', 402),
	(4169, '1.3 GLX', 402),
	(4170, '1.3 SZ-L', 402),
	(4171, '1.3 SZ2', 402),
	(4172, '1.3 SZ3', 402),
	(4173, '1.3 SZ4', 402),
	(4174, '1.5 GLX', 402),
	(4175, '1.5 SZ4 Auto', 402),
	(4176, '1.6 Sport', 402),
	(4177, '1.6 SZ3', 403),
	(4178, '1.6 SZ4', 403),
	(4179, '1.6 VVT+', 403),
	(4180, '1.9 DDiS', 403),
	(4181, '1.9 DDiS SZ4', 403),
	(4182, '1.9 DDiS SZ5', 403),
	(4183, '1.9 DDiS X-EC', 403),
	(4184, '2.0 16v Auto', 403),
	(4185, '2.0 16v X-EC', 403),
	(4186, '2.4 SZ3', 403),
	(4187, '2.4 SZ4', 403),
	(4188, '2.4 SZ5', 403),
	(4189, '1.6 DDiS 2WD', 404),
	(4190, '1.6 SZ3 2WD', 404),
	(4191, '1.6 SZ4 2WD', 404),
	(4192, '1.6 SZ5 4WD', 404),
	(4193, '1.6 VVT GL 2WD', 404),
	(4194, '1.6 VVT GLX 2WD', 404),
	(4195, '1.6 VVT GLX 4Grip 4WD', 404),
	(4196, '1.9 DDiS 4Grip 4WD', 404),
	(4197, '1.0 SZ2', 405),
	(4198, '1.0 SZ3', 405),
	(4199, '1.0 SZ4', 405),
	(4200, '1.0 GLS', 406),
	(4201, '1.2 GLS', 406),
	(4202, '1.2 GLS+', 406),
	(4203, '1.3 DDiS', 406),
	(4204, '2.4', 407),
	(4205, '1.3 JLX', 408),
	(4206, '1.3 JLX+', 408),
	(4207, '1.3 SZ4', 408),
	(4208, 'JLX', 408),
	(4209, 'JLX+', 408),
	(4210, '0.6', 409),
	(4211, 'Prototype', 410),
	(4212, 'Roadster', 410),
	(4213, 'Signature Edition', 410),
	(4214, 'Sport', 410),
	(4215, '30Kw', 411),
	(4216, '35kw', 411),
	(4217, '1.6 V-matic T2', 412),
	(4218, '1.6 V-matic TR', 412),
	(4219, '1.8 V-matic T2', 412),
	(4220, '1.8 V-matic T4', 412),
	(4221, '1.8 V-matic T4 Nav', 412),
	(4222, '1.8 V-matic TR', 412),
	(4223, '1.8 V-matic TR Nav', 412),
	(4224, '2.0 D-4D 130 T2', 412),
	(4225, '2.0 D-4D 130 T4', 412),
	(4226, '2.0 D-4D 130 T4 Nav', 412),
	(4227, '2.0 D-4D 130 TR', 412),
	(4228, '2.0 D-4D 130 TR Nav', 412),
	(4229, '2.0 D-4D T2', 412),
	(4230, '2.0 D-4D T4', 412),
	(4231, '2.0 D-4D T4 Nav', 412),
	(4232, '2.0 D-4D TR', 412),
	(4233, '2.0 D-4D TR Nav', 412),
	(4234, '2.0 V-matic T4', 412),
	(4235, '2.0 V-matic T4 Nav', 412),
	(4236, '2.0 V-matic TR Auto', 412),
	(4237, '2.0 V-matic TR Nav Auto', 412),
	(4238, '2.2 D-4D 150 T Spirit', 412),
	(4239, '2.2 D-4D 150 T Spirit Nav', 412),
	(4240, '2.2 D-4D 150 T4', 412),
	(4241, '2.2 D-4D 150 T4 Nav', 412),
	(4242, '2.2 D-4D 150 TR', 412),
	(4243, '2.2 D-4D 150 TR Nav', 412),
	(4244, '2.2 D-CAT 150 T Spirit Auto', 412),
	(4245, '2.2 D-CAT 150 T4 Auto', 412),
	(4246, '2.2 D-CAT 150 T4 Nav Auto', 412),
	(4247, '2.2 D-CAT 150 TR Auto', 412),
	(4248, '2.2 D-CAT 150 TR Nav Auto', 412),
	(4249, '2.2 D-CAT 150 TSpirit Auto', 412),
	(4250, '2.2 D-CAT 150 TSpirit Nav Auto', 412),
	(4251, '2.2 D-CAT 180 T Spirit', 412),
	(4252, '2.2 D-CAT 180 T Spirit Nav', 412),
	(4253, '2.2 D-CAT 180 T4', 412),
	(4254, '2.2 D-CAT 180 T4 Nav', 412),
	(4255, '2.0 V-matic XT-R 2WD', 413),
	(4256, '2.0 V-matic XT-R Auto 4WD', 413),
	(4257, '2.0 V-matic XT-R Nav Auto 4WD', 413),
	(4258, '2.0 V-matic XT-R StyleNav Auto', 413),
	(4259, '2.0 VVT-i XT-R', 413),
	(4260, '2.0 Vmatic XT-R Style Auto 4WD', 413),
	(4261, '2.2 D-4D 150 XT-R 2WD', 413),
	(4262, '2.2 D-4D 150 XT-R 4WD', 413),
	(4263, '2.2 D-4D 150 XT-R Nav 4WD', 413),
	(4264, '2.2 D-4D 150 XT-R Style 2WD', 413),
	(4265, '2.2 D-4D 150 XT-R Style 4WD', 413),
	(4266, '2.2 D-4D 150 XT-R StyleNav 4WD', 413),
	(4267, '2.2 D-4D SR180', 413),
	(4268, '2.2 D-4D T140 XT-R', 413),
	(4269, '2.2 D-CAT 150 SR Auto 4WD', 413),
	(4270, '2.2 D-CAT 150 XT-R Auto 4WD', 413),
	(4271, '2.2 D-CAT 150 XT-R Style Auto', 413),
	(4272, '2.2 DCAT 150 SR Style Auto 4WD', 413),
	(4273, '2.2 DCAT 150 XT-R Nav Auto 4WD', 413),
	(4274, '2.2 DCAT150 XT-R StyleNav Auto', 413),
	(4275, '1.6 V-matic', 414),
	(4276, '1.6 V-matic T2 (5 seat)', 414),
	(4277, '1.6 V-matic T2 (7 seat)', 414),
	(4278, '1.6 V-matic TR (5 seat)', 414),
	(4279, '1.6 V-matic TR (7 seat)', 414),
	(4280, '1.6 VVT-i T2', 414),
	(4281, '1.8 V-matic T Spirit', 414),
	(4282, '1.8 V-matic T2', 414),
	(4283, '1.8 V-matic TR', 414),
	(4284, '1.8 V-matic TR Auto', 414),
	(4285, '1.8 V-matic TR Leather', 414),
	(4286, '1.8 VVT-i SR', 414),
	(4287, '1.8 VVT-i T Spirit', 414),
	(4288, '1.8 VVT-i T2', 414),
	(4289, '2.0 D-4D T Spirit', 414),
	(4290, '2.0 D-4D T2', 414),
	(4291, '2.0 D-4D TR', 414),
	(4292, '2.2 D-4D', 414),
	(4293, '2.2 D-4D  T Spirit', 414),
	(4294, '2.2 D-4D SR', 414),
	(4295, '2.2 D-4D T Spirit', 414),
	(4296, '2.2 D-4D T Spirit Auto', 414),
	(4297, '2.2 D-4D T Spirit Leather Auto', 414),
	(4298, '2.2 D-4D T Spirit Nav Auto', 414),
	(4299, '2.2 D-4D T180', 414),
	(4300, '2.2 D-4D T2', 414),
	(4301, '2.2 D-4D TR', 414),
	(4302, '2.2 D-4D TR Auto', 414),
	(4303, '2.2 D-4D TR Leather Auto', 414),
	(4304, '2.2 D-4D TR Nav Auto', 414),
	(4305, '2.2 D-CAT T Spirit Auto', 414),
	(4306, '2.2 D-CAT T Spirit Lthr Auto', 414),
	(4307, '2.2 D-CAT T Spirit Nav Auto', 414),
	(4308, '2.2 D-CAT TR Auto', 414),
	(4309, '2.2 D-CAT TR Leather Auto', 414),
	(4310, '2.2 D-CAT TR Nav Auto', 414),
	(4311, '1.33 VVT-i 2WD', 415),
	(4312, '1.4 D-4D 4WD', 415),
	(4313, '1.33 VVT-i Stop&Start T2', 416),
	(4314, '1.33 VVT-i Stop&Start TR', 416),
	(4315, '1.33 VVT-i T2', 416),
	(4316, '1.33 VVT-i TR', 416),
	(4317, '1.4 D-4D T2 (6sp)', 416),
	(4318, '1.4 D-4D TR', 416),
	(4319, '1.4 D-4D TR (6sp)', 416),
	(4320, '1.4 D-4D TR MultiMode', 416),
	(4321, '1.6 V-Matic T-Spirit (6sp)', 416),
	(4322, '1.6 V-Matic TR (6sp)', 416),
	(4323, '1.6 V-matic SR', 416),
	(4324, '1.6 V-matic TR', 416),
	(4325, '2.0 D-4D T Spirit', 416),
	(4326, '2.0 D-4D TR', 416),
	(4327, '2.2 D-4D SR180', 416),
	(4328, '1.0 VVT-i', 417),
	(4329, '1.0 VVT-i +', 417),
	(4330, '1.0 VVT-i Black', 417),
	(4331, '1.0 VVT-i Black (AC)', 417),
	(4332, '1.0 VVT-i Black a/c', 417),
	(4333, '1.0 VVT-i Blue', 417),
	(4334, '1.0 VVT-i Platinum', 417),
	(4335, '1.0 VVT-i Platinum (AC)', 417),
	(4336, '1.5 Hybrid T Spirit', 418),
	(4337, '1.5 Hybrid T3', 418),
	(4338, '1.5 Hybrid T4', 418),
	(4339, '1.8 Plug-In', 418),
	(4340, '1.8 Plug-In Concept', 418),
	(4341, '1.8 VVT-i T Spirit', 418),
	(4342, '1.8 VVT-i T3', 418),
	(4343, '1.8 VVT-i T4', 418),
	(4344, '1.0 VVT-i T2', 419),
	(4345, '1.0 VVT-i TR', 419),
	(4346, '1.33 VVT-i SR', 419),
	(4347, '1.33 VVT-i T Spirit', 419),
	(4348, '1.33 VVT-i TR', 419),
	(4349, '1.4 D-4D SR (6sp)', 419),
	(4350, '1.4 D-4D T Spirit (6sp)', 419),
	(4351, '1.4 D-4D TR (6sp)', 419),
	(4352, '1.0', 420),
	(4353, '1.0 2', 420),
	(4354, '1.33 3', 420),
	(4355, '2.5 Double Cab HL2 4X4', 421),
	(4356, '2.5 Double Cab HL3 4X4', 421),
	(4357, '2.5 Extra Cab HL2 4X4', 421),
	(4358, '2.5 Single Cab HL2 4X2', 421),
	(4359, '2.5 Single Cab HL2 4X4', 421),
	(4360, '3.0 Double Cab HL3 4X4', 421),
	(4361, '3.0 Double Cab Invincible 4X4', 421),
	(4362, '3.0 D-4D Invincible', 422),
	(4363, '3.0 D-4D LC3', 422),
	(4364, '3.0 D-4D LC4', 422),
	(4365, '3.0 D-4D LC5', 422),
	(4366, '4.5 D-4D', 423),
	(4367, '4.5 D-4D  (Audio Pack)', 423),
	(4368, '4.5 D-4D  (ICE + Audio Pack)', 423),
	(4369, '4.5 D-4D  (ICE Pack)', 423),
	(4370, '4.5 D-4D  (Premium Audio Pack)', 423),
	(4371, 'FJ Cruiser', 424),
	(4372, '1.3 CDTi Active', 425),
	(4373, '1.3 CDTi Active (AC)', 425),
	(4374, '1.3 CDTi Active Plus', 425),
	(4375, '1.3 CDTi Active Plus (AC)', 425),
	(4376, '1.3 CDTi Club', 425),
	(4377, '1.3 CDTi Club (AC)', 425),
	(4378, '1.3 CDTi Exclusiv', 425),
	(4379, '1.3 CDTi Expression', 425),
	(4380, '1.3 CDTi Life', 425),
	(4381, '1.3 CDTi Life (AC)', 425),
	(4382, '1.3 CDTi S', 425),
	(4383, '1.3 CDTi S (AC)', 425),
	(4384, '1.4 100 Exclusiv', 425),
	(4385, '1.4 100 S', 425),
	(4386, '1.4 100 S (AC)', 425),
	(4387, '1.4 100 SE', 425),
	(4388, '1.4 120 Exclusiv', 425),
	(4389, '1.4 120 S', 425),
	(4390, '1.4 120 S (AC)', 425),
	(4391, '1.4 120 SE', 425),
	(4392, '1.4 16v Active', 425),
	(4393, '1.4 16v Active (AC)', 425),
	(4394, '1.4 16v Active Plus', 425),
	(4395, '1.4 16v Active Plus (AC)', 425),
	(4396, '1.4 16v Club', 425),
	(4397, '1.4 16v Club (AC)', 425),
	(4398, '1.4 16v Design', 425),
	(4399, '1.4 16v Design (AC)', 425),
	(4400, '1.4 16v Expression', 425),
	(4401, '1.4 16v Life', 425),
	(4402, '1.4 16v Life (AC)', 425),
	(4403, '1.4T 140 Exclusiv', 425),
	(4404, '1.4T 140 SE', 425),
	(4405, '1.6 16v Active', 425),
	(4406, '1.6 16v Active (AC)', 425),
	(4407, '1.6 16v Active Plus', 425),
	(4408, '1.6 16v Active Plus (AC)', 425),
	(4409, '1.6 16v Club', 425),
	(4410, '1.6 16v Club (AC)', 425),
	(4411, '1.6 16v Design', 425),
	(4412, '1.6 16v Design (AC )', 425),
	(4413, '1.6 16v Life', 425),
	(4414, '1.6 16v Life (AC)', 425),
	(4415, '1.6 VXR', 425),
	(4416, '1.7 CDTi Club', 425),
	(4417, '1.7 CDTi Club (AC)', 425),
	(4418, '1.7 CDTi Design', 425),
	(4419, '1.7 CDTi Design (AC)', 425),
	(4420, '1.7 CDTi Exclusiv', 425),
	(4421, '1.7 CDTi S', 425),
	(4422, '1.7 CDTi S (AC)', 425),
	(4423, '1.7 CDTi SE', 425),
	(4424, '1.8 16v Club', 425),
	(4425, '1.8 16v Club (AC)', 425),
	(4426, '1.8 16v Design', 425),
	(4427, '1.8 16v Design (AC)', 425),
	(4428, '1.3 CDTi 90 Club', 426),
	(4429, '1.3 CDTi 90 Life', 426),
	(4430, '1.3 CDTi 90 Life (AC)', 426),
	(4431, '1.3 CDTi ecoFLEX', 426),
	(4432, '1.3 CDTi ecoFLEX Exclusiv', 426),
	(4433, '1.3 CDTi ecoFLEX S', 426),
	(4434, '1.3 CDTi ecoFLEX SE', 426),
	(4435, '1.3 CDTi ecoFLEX SRi', 426),
	(4436, '1.4 100 Exclusiv', 426),
	(4437, '1.4 100 S', 426),
	(4438, '1.4 100 SRi', 426),
	(4439, '1.4 16v Active', 426),
	(4440, '1.4 16v Active Plus', 426),
	(4441, '1.4 16v Club', 426),
	(4442, '1.4 16v Exclusiv', 426),
	(4443, '1.4 16v Expression', 426),
	(4444, '1.4 16v Life', 426),
	(4445, '1.4 16v Life (AC)', 426),
	(4446, '1.4 16v SRi', 426),
	(4447, '1.4 16v SXi', 426),
	(4448, '1.4 16v Sport', 426),
	(4449, '1.4 87 Exclusiv', 426),
	(4450, '1.4T Elite', 426),
	(4451, '1.4T Exclusiv', 426),
	(4452, '1.4T SE', 426),
	(4453, '1.4T SRi', 426),
	(4454, '1.6 16v 115 Active', 426),
	(4455, '1.6 16v 115 Active Plus', 426),
	(4456, '1.6 16v 115 Club', 426),
	(4457, '1.6 16v 115 Design', 426),
	(4458, '1.6 16v 115 Elite', 426),
	(4459, '1.6 16v 115 Exclusiv', 426),
	(4460, '1.6 16v 115 Life', 426),
	(4461, '1.6 16v 115 Life (AC)', 426),
	(4462, '1.6 16v 115 SRi', 426),
	(4463, '1.6 16v 115 SXi', 426),
	(4464, '1.6 16v Club', 426),
	(4465, '1.6 16v Design', 426),
	(4466, '1.6 16v Life', 426),
	(4467, '1.6 16v Life (AC)', 426),
	(4468, '1.6 16v SXi', 426),
	(4469, '1.6 Elite', 426),
	(4470, '1.6 Exclusiv', 426),
	(4471, '1.6 S', 426),
	(4472, '1.6 SE', 426),
	(4473, '1.6 SRi', 426),
	(4474, '1.6T 16v Design', 426),
	(4475, '1.6T 16v SRi', 426),
	(4476, '1.6T 16v SRi (XP)', 426),
	(4477, '1.6T Design', 426),
	(4478, '1.6T SE', 426),
	(4479, '1.6T SRi', 426),
	(4480, '1.6T SRi (XP)', 426),
	(4481, '1.6i Twintop Air', 426),
	(4482, '1.6i Twintop Sport (113bhp)', 426),
	(4483, '1.7 CDTi 100 Actice Plus', 426),
	(4484, '1.7 CDTi 100 Active', 426),
	(4485, '1.7 CDTi 100 Active Plus', 426),
	(4486, '1.7 CDTi 100 Club', 426),
	(4487, '1.7 CDTi 100 Design', 426),
	(4488, '1.7 CDTi 100 Elite', 426),
	(4489, '1.7 CDTi 100 Life (AC)', 426),
	(4490, '1.7 CDTi 100 SRi', 426),
	(4491, '1.7 CDTi 100 SRi (XP)', 426),
	(4492, '1.7 CDTi 100 SXi', 426),
	(4493, '1.7 CDTi 100 Sport', 426),
	(4494, '1.7 CDTi 110 Active ecoFlex', 426),
	(4495, '1.7 CDTi 110 Active+ ecoFlex', 426),
	(4496, '1.7 CDTi 110 Club ecoFlex', 426),
	(4497, '1.7 CDTi 110 Design ecoFlex', 426),
	(4498, '1.7 CDTi 110 Exclusiv', 426),
	(4499, '1.7 CDTi 110 Life (AC) ecoFlex', 426),
	(4500, '1.7 CDTi 110 S', 426),
	(4501, '1.7 CDTi 110 SE', 426),
	(4502, '1.7 CDTi 110 SRi', 426),
	(4503, '1.7 CDTi 110 SXi ecoFlex', 426),
	(4504, '1.7 CDTi 110 ecoFLEX Active', 426),
	(4505, '1.7 CDTi 110 ecoFLEX Active+', 426),
	(4506, '1.7 CDTi 110 ecoFLEX Club', 426),
	(4507, '1.7 CDTi 110 ecoFLEX Design', 426),
	(4508, '1.7 CDTi 110 ecoFLEX Exclusiv', 426),
	(4509, '1.7 CDTi 110 ecoFLEX Life (AC)', 426),
	(4510, '1.7 CDTi 110 ecoFLEX SRi', 426),
	(4511, '1.7 CDTi 110 ecoFLEX SXi', 426),
	(4512, '1.7 CDTi 125 Elite', 426),
	(4513, '1.7 CDTi 125 SE', 426),
	(4514, '1.7 CDTi 125 SRi', 426),
	(4515, '1.8 VVT Active Auto', 426),
	(4516, '1.8 VVT Active Plus Auto', 426),
	(4517, '1.8 VVT Club', 426),
	(4518, '1.8 VVT Design', 426),
	(4519, '1.8 VVT Elite', 426),
	(4520, '1.8 VVT Exclusiv', 426),
	(4521, '1.8 VVT Life', 426),
	(4522, '1.8 VVT Life (AC)', 426),
	(4523, '1.8 VVT SRi', 426),
	(4524, '1.8 VVT SRi (XP)', 426),
	(4525, '1.8i VVT Twintop Air', 426),
	(4526, '1.8i VVT Twintop Design', 426),
	(4527, '1.8i VVT Twintop Exclusiv', 426),
	(4528, '1.8i VVT Twintop Exclusiv (XP)', 426),
	(4529, '1.8i VVT Twintop Sport', 426),
	(4530, '1.9 CDTi 150 Design', 426),
	(4531, '1.9 CDTi 150 SRi', 426),
	(4532, '1.9 CDTi 150 SRi (XP)', 426),
	(4533, '1.9 CDTi 8v 120 Design', 426),
	(4534, '1.9 CDTi 8v 120 Elite', 426),
	(4535, '1.9 CDTi 8v 120 SRi', 426),
	(4536, '1.9 CDTi 8v 120 SRi (XP)', 426),
	(4537, '1.9 CDTi 8v 120 SXi', 426),
	(4538, '1.9 CDTi Twintop Air', 426),
	(4539, '1.9 CDTi Twintop Design', 426),
	(4540, '1.9 CDTi Twintop Exclusiv', 426),
	(4541, '1.9 CDTi Twintop Exclusiv (XP)', 426),
	(4542, '1.9 CDTi Twintop Sport', 426),
	(4543, '2.0 CDTi Elite', 426),
	(4544, '2.0 CDTi SE', 426),
	(4545, '2.0 CDTi SRi', 426),
	(4546, '2.0 VXR', 426),
	(4547, '2.0 VXR Nrburgring', 426),
	(4548, '2.0 VXRacing', 426),
	(4549, '2.0T Twintop Design', 426),
	(4550, '2.0T Twintop Exclusiv', 426),
	(4551, '2.0T Twintop Exclusiv (XP)', 426),
	(4552, '1.6T Elite', 427),
	(4553, '1.6T Elite Nav', 427),
	(4554, '1.6T Exclusiv', 427),
	(4555, '1.6T Exclusiv Nav', 427),
	(4556, '1.6T SE', 427),
	(4557, '1.6T SE Nav', 427),
	(4558, '1.6T SRi', 427),
	(4559, '1.6T SRi Nav', 427),
	(4560, '1.8 VVT Elite', 427),
	(4561, '1.8 VVT Elite Nav', 427),
	(4562, '1.8 VVT Exclusiv', 427),
	(4563, '1.8 VVT Exclusiv Nav', 427),
	(4564, '1.8 VVT S', 427),
	(4565, '1.8 VVT SE', 427),
	(4566, '1.8 VVT SE Nav', 427),
	(4567, '1.8 VVT SRi', 427),
	(4568, '1.8 VVT SRi Nav', 427),
	(4569, '2.0 CDTi 130 Exclusiv', 427),
	(4570, '2.0 CDTi 130 Exclusiv Nav', 427),
	(4571, '2.0 CDTi 130 S', 427),
	(4572, '2.0 CDTi 130 SE', 427),
	(4573, '2.0 CDTi 130 SE Nav', 427),
	(4574, '2.0 CDTi 130 SRi', 427),
	(4575, '2.0 CDTi 130 SRi Nav', 427),
	(4576, '2.0 CDTi 130 ecoFLEX Exclusiv', 427),
	(4577, '2.0 CDTi 160 Elite', 427),
	(4578, '2.0 CDTi 160 Elite Nav', 427),
	(4579, '2.0 CDTi 160 Exclusiv', 427),
	(4580, '2.0 CDTi 160 Exclusiv Nav', 427),
	(4581, '2.0 CDTi 160 SE', 427),
	(4582, '2.0 CDTi 160 SE Nav', 427),
	(4583, '2.0 CDTi 160 SRi', 427),
	(4584, '2.0 CDTi 160 SRi Nav', 427),
	(4585, '2.0 CDTi 160 ecoFLEX Elite', 427),
	(4586, '2.0 CDTi 160 ecoFLEX Elite Nav', 427),
	(4587, '2.0 CDTi 160 ecoFLEX Exc Nav', 427),
	(4588, '2.0 CDTi 160 ecoFLEX Exclusiv', 427),
	(4589, '2.0 CDTi 160 ecoFLEX S', 427),
	(4590, '2.0 CDTi 160 ecoFLEX SE', 427),
	(4591, '2.0 CDTi 160 ecoFLEX SE Nav', 427),
	(4592, '2.0 CDTi ecoFLEX Exclusiv Nav', 427),
	(4593, '2.0CDTi 130ecoFLEX ExclusivNav', 427),
	(4594, '2.0CDTi 160ecoFLEX ExclusivNav', 427),
	(4595, '2.0T 4x4 Elite', 427),
	(4596, '2.0T 4x4 Elite Nav', 427),
	(4597, '2.0T 4x4 SE', 427),
	(4598, '2.0T 4x4 SE Nav', 427),
	(4599, '2.0T 4x4 SRi', 427),
	(4600, '2.0T 4x4 SRi Nav', 427),
	(4601, '2.0T Elite', 427),
	(4602, '2.0T Elite Nav', 427),
	(4603, '2.0T SE', 427),
	(4604, '2.0T SE Nav', 427),
	(4605, '2.0T SRi', 427),
	(4606, '2.0T SRi Nav', 427),
	(4607, '2.8 V6 4x4 Elite', 427),
	(4608, '2.8 V6 4x4 Elite Nav', 427),
	(4609, '2.8 V6 4x4 VXR', 427),
	(4610, '2.8T V6 4x4 Elite', 427),
	(4611, '2.8T V6 4x4 Elite Nav', 427),
	(4612, '2.8T V6 4x4 VXR', 427),
	(4613, '2.8T V6 4x4 VXR Nav', 427),
	(4614, '2.8T V6 VXR 4x4 Nav', 427),
	(4615, '1.0 ecoFLEX S', 428),
	(4616, '1.0 ecoFLEX S (AC)', 428),
	(4617, '1.0i 12v Active (AC)', 428),
	(4618, '1.0i 12v Active Plus (AC)', 428),
	(4619, '1.0i 12v Expression', 428),
	(4620, '1.0i 12v Life', 428),
	(4621, '1.0i 12v Life (AC)', 428),
	(4622, '1.2 Exclusiv', 428),
	(4623, '1.2 Exclusiv (AC)', 428),
	(4624, '1.2 S', 428),
	(4625, '1.2 S (AC)', 428),
	(4626, '1.2 SE', 428),
	(4627, '1.2 SXi', 428),
	(4628, '1.2 SXi (AC)', 428),
	(4629, '1.2i 16v Active (AC)', 428),
	(4630, '1.2i 16v Active Plus (AC)', 428),
	(4631, '1.2i 16v Club', 428),
	(4632, '1.2i 16v Club (AC)', 428),
	(4633, '1.2i 16v Design', 428),
	(4634, '1.2i 16v Design (AC)', 428),
	(4635, '1.2i 16v Design inTouch (AC)', 428),
	(4636, '1.2i 16v Life', 428),
	(4637, '1.2i 16v Life (AC)', 428),
	(4638, '1.2i 16v SXi', 428),
	(4639, '1.2i 16v SXi (AC)', 428),
	(4640, '1.2i 16v SXi inTouch (AC)', 428),
	(4641, '1.3 CDTi 75 ecoFLEX Active(AC)', 428),
	(4642, '1.3 CDTi 75 ecoFLEX Active+ AC', 428),
	(4643, '1.3 CDTi 75 ecoFLEX Club', 428),
	(4644, '1.3 CDTi 75 ecoFLEX Club (AC)', 428),
	(4645, '1.3 CDTi 75 ecoFLEX Design', 428),
	(4646, '1.3 CDTi 75 ecoFLEX Design AC', 428),
	(4647, '1.3 CDTi 75 ecoFLEX Exclusiv', 428),
	(4648, '1.3 CDTi 75 ecoFLEX Life', 428),
	(4649, '1.3 CDTi 75 ecoFLEX Life (AC)', 428),
	(4650, '1.3 CDTi 75 ecoFLEX S', 428),
	(4651, '1.3 CDTi 75 ecoFLEX S (AC)', 428),
	(4652, '1.3 CDTi 75 ecoFLEX SE', 428),
	(4653, '1.3 CDTi 75 ecoFLEX SXi', 428),
	(4654, '1.3 CDTi 75 ecoFLEX SXi (AC)', 428),
	(4655, '1.3 CDTi 90 Design', 428),
	(4656, '1.3 CDTi 90 Design (AC)', 428),
	(4657, '1.3 CDTi 90 SE', 428),
	(4658, '1.3 CDTi 90 SXi', 428),
	(4659, '1.3 CDTi 90 SXi (AC)', 428),
	(4660, '1.3 CDTi 95 ecoFLEX Exclusiv', 428),
	(4661, '1.3 CDTi 95 ecoFLEX S', 428),
	(4662, '1.3 CDTi 95 ecoFLEX S (AC)', 428),
	(4663, '1.3CDTi75 ecoFLEX Exclusiv(AC)', 428),
	(4664, '1.3CDTi95 ecoFLEX Exclusiv(AC)', 428),
	(4665, '1.4 Exclusiv', 428),
	(4666, '1.4 Exclusiv (AC)', 428),
	(4667, '1.4 SE', 428),
	(4668, '1.4 SRi', 428),
	(4669, '1.4 SXi', 428),
	(4670, '1.4 SXi (AC)', 428),
	(4671, '1.4i 16v Club', 428),
	(4672, '1.4i 16v Club (AC)', 428),
	(4673, '1.4i 16v Design', 428),
	(4674, '1.4i 16v Design (AC)', 428),
	(4675, '1.4i 16v SXi', 428),
	(4676, '1.4i 16v SXi (AC)', 428),
	(4677, '1.6 16v SRi', 428),
	(4678, '1.6 16v SRi (AC)', 428),
	(4679, '1.6 VXR', 428),
	(4680, '1.6 VXR Arctic', 428),
	(4681, '1.6 VXRacing', 428),
	(4682, '1.7 CDTi 130 SE', 428),
	(4683, '1.7 CDTi 130 SRi', 428),
	(4684, '1.7 CDTi Design', 428),
	(4685, '1.7 CDTi Design (AC)', 428),
	(4686, '1.7 CDTi SE', 428),
	(4687, '1.7 CDTi SRi', 428),
	(4688, '1.7 CDTi SRi (AC)', 428),
	(4689, '1.3 CDTi Air', 429),
	(4690, '1.3 CDTi Air (AC)', 429),
	(4691, '1.3 CDTi Exclusiv', 429),
	(4692, '1.3 CDTi Sport Rouge', 429),
	(4693, '1.3 CDTi Sport Rouge (AC)', 429),
	(4694, '1.4i 16v Air', 429),
	(4695, '1.4i 16v Air (AC)', 429),
	(4696, '1.4i 16v Exclusiv', 429),
	(4697, '1.4i 16v Sport Rouge', 429),
	(4698, '1.4i 16v Sport Rouge (AC)', 429),
	(4699, '1.8i 16v Exclusiv', 429),
	(4700, '1.8i 16v Sport Rouge', 429),
	(4701, '1.8i 16v Sport Rouge (AC)', 429),
	(4702, '1.6 VVT 115 Active', 430),
	(4703, '1.6 VVT 115 Active Plus', 430),
	(4704, '1.6 VVT 115 Design', 430),
	(4705, '1.6 VVT 115 Energy', 430),
	(4706, '1.6 VVT 115 Exclusiv', 430),
	(4707, '1.6 VVT 115 Life', 430),
	(4708, '1.6 VVT 115 Life (AC)', 430),
	(4709, '1.6i 16v 105 Active', 430),
	(4710, '1.6i 16v 105 Active Plus', 430),
	(4711, '1.6i 16v 105 Design', 430),
	(4712, '1.6i 16v 105 Exclusiv', 430),
	(4713, '1.6i 16v 105 Life', 430),
	(4714, '1.6i 16v 105 Life (AC)', 430),
	(4715, '1.6i 16v Active', 430),
	(4716, '1.6i 16v Active Plus', 430),
	(4717, '1.6i 16v Design', 430),
	(4718, '1.6i 16v Exclusiv', 430),
	(4719, '1.6i 16v Expression', 430),
	(4720, '1.6i 16v Life', 430),
	(4721, '1.6i 16v Life (AC)', 430),
	(4722, '1.7 CDTi 110 ecoFLEX Active', 430),
	(4723, '1.7 CDTi 110 ecoFLEX Design', 430),
	(4724, '1.7 CDTi 110 ecoFLEX Elite', 430),
	(4725, '1.7 CDTi 110 ecoFLEX Energy', 430),
	(4726, '1.7 CDTi 110 ecoFLEX Exclusiv', 430),
	(4727, '1.7 CDTi 110 ecoFLEX Life', 430),
	(4728, '1.7 CDTi110 ecoFLEX ActivePlus', 430),
	(4729, '1.8 VVT Active', 430),
	(4730, '1.8 VVT Active Plus', 430),
	(4731, '1.8 VVT Design', 430),
	(4732, '1.8 VVT Elite', 430),
	(4733, '1.8 VVT Energy', 430),
	(4734, '1.8 VVT Exclusiv', 430),
	(4735, '1.8 VVT Life', 430),
	(4736, '1.8 VVT SRi', 430),
	(4737, '1.9 CDTi 120 Active', 430),
	(4738, '1.9 CDTi 120 Active Plus', 430),
	(4739, '1.9 CDTi 120 Design', 430),
	(4740, '1.9 CDTi 120 Elite', 430),
	(4741, '1.9 CDTi 120 Exclusiv', 430),
	(4742, '1.9 CDTi 120 Life', 430),
	(4743, '1.9 CDTi 120 SRi', 430),
	(4744, '1.9 CDTi 150 Design', 430),
	(4745, '1.9 CDTi 150 Elite', 430),
	(4746, '1.9 CDTi 150 SRi', 430),
	(4747, '2.0 VXR', 430),
	(4748, '2.0T Design', 430),
	(4749, '2.0T Elite', 430),
	(4750, '2.0T SRi', 430),
	(4751, '2.0T VXR', 430),
	(4752, '2.2i 16v Active Auto', 430),
	(4753, '2.2i 16v Active Plus Auto', 430),
	(4754, '2.2i 16v Design', 430),
	(4755, '2.2i 16v Design Auto', 430),
	(4756, '2.2i 16v Elite', 430),
	(4757, '2.2i 16v Exclusiv', 430),
	(4758, '2.2i 16v Exclusiv Auto', 430),
	(4759, '2.2i 16v Life', 430),
	(4760, '2.2i 16v Life Auto', 430),
	(4761, '2.2i 16v SRi', 430),
	(4762, '6.2 V8', 431),
	(4763, '6.2 V8 Bathurst', 431),
	(4764, '6.2 V8 Bathurst S', 431),
	(4765, '1.0i 12v ecoFLEX Club', 432),
	(4766, '1.0i 12v ecoFLEX Club (AC)', 432),
	(4767, '1.0i 12v ecoFLEX Expression', 432),
	(4768, '1.2i 16v Club', 432),
	(4769, '1.2i 16v Club (AC)', 432),
	(4770, '1.2i 16v Design', 432),
	(4771, '1.2i 16v Design (AC)', 432),
	(4772, '1.3 CDTi ecoFLEX Club', 432),
	(4773, '1.3 CDTi ecoFLEX Club (AC)', 432),
	(4774, '1.3 CDTi ecoFLEX Design', 432),
	(4775, '2.0 CDTi E', 433),
	(4776, '2.0 CDTi Exclusiv', 433),
	(4777, '2.0 CDTi S', 433),
	(4778, '2.0 CDTi SE', 433),
	(4779, '2.0 GT', 434),
	(4780, 'Solstice', 435),
	(4781, '5.0', 436),
	(4782, '1.4 TSI 150 Bluemotion Tech S', 437),
	(4783, '1.4 TSI 150 Bluemotion Tech SE', 437),
	(4784, '1.4 TSI 150 S', 437),
	(4785, '1.4 TSI 150 S 2WD', 437),
	(4786, '1.4 TSI 150 S 4WD', 437),
	(4787, '1.4 TSI 150 SE', 437),
	(4788, '1.4 TSI 150 SE 2WD', 437),
	(4789, '1.4 TSI 150 SE 4WD', 437),
	(4790, '2.0 TDI 140 Bluemotion Tech S', 437),
	(4791, '2.0 TDI 140 Bluemotion Tech SE', 437),
	(4792, '2.0 TDI 140 Escape', 437),
	(4793, '2.0 TDI 140 Escape 4WD', 437),
	(4794, '2.0 TDI 140 R Line', 437),
	(4795, '2.0 TDI 140 R Line 4WD', 437),
	(4796, '2.0 TDI 140 S', 437),
	(4797, '2.0 TDI 140 S 2WD', 437),
	(4798, '2.0 TDI 140 S 4WD', 437),
	(4799, '2.0 TDI 140 SE', 437),
	(4800, '2.0 TDI 140 SE 2WD', 437),
	(4801, '2.0 TDI 140 SE 4WD', 437),
	(4802, '2.0 TDI 140 Sport', 437),
	(4803, '2.0 TDI 140 Sport 4WD', 437),
	(4804, '2.0 TDI 170 R Line', 437),
	(4805, '2.0 TDI 170 R Line 4WD', 437),
	(4806, '2.0 TDI 170 SE', 437),
	(4807, '2.0 TDI 170 SE 4WD', 437),
	(4808, '2.0 TDI 170 Sport', 437),
	(4809, '2.0 TDI 170 Sport 4WD', 437),
	(4810, '2.0 TSI 170 R Line', 437),
	(4811, '2.0 TSI 170 SE', 437),
	(4812, '2.0 TSI 170 SE 4WD', 437),
	(4813, '2.0 TSI 200 R Line', 437),
	(4814, '2.0 TSI 200 R Line 4WD', 437),
	(4815, '2.0 TSI 200 Sport', 437),
	(4816, '2.0 TSI 200 Sport 4WD', 437),
	(4817, '1.9 TDI PD Startline SWB', 438),
	(4818, '2.0 BiTDI 180 Exec 4Motion SWB', 438),
	(4819, '2.0 BiTDI 180 Executive DSG', 438),
	(4820, '2.0 BiTDI 180 Executive SWB', 438),
	(4821, '2.0 BiTDI 180 SE 4Motion SWB', 438),
	(4822, '2.0 BiTDI 180 SE LWB', 438),
	(4823, '2.0 BiTDI 180 SE SWB', 438),
	(4824, '2.0 TDI 140 Executive SWB', 438),
	(4825, '2.0 TDI 140 SE LWB', 438),
	(4826, '2.0 TDI 140 SE SWB', 438),
	(4827, '2.5 TDI PD 130 Executive', 438),
	(4828, '2.5 TDI PD 130 Executive SWB', 438),
	(4829, '2.5 TDI PD 130 SE', 438),
	(4830, '2.5 TDI PD 130 SE LWB', 438),
	(4831, '2.5 TDI PD 130 SE SWB', 438),
	(4832, '2.5 TDI PD 130 Startline SWB', 438),
	(4833, '2.5 TDI PD 174 Executive', 438),
	(4834, '2.5 TDI PD 174 Executive SWB', 438),
	(4835, '2.5 TDI PD 174 SE', 438),
	(4836, '2.5 TDI PD 174 SE LWB', 438),
	(4837, '2.5 TDI PD 174 SE SWB', 438),
	(4838, '3.2 V6 Executive', 438),
	(4839, '3.2 V6 Executive SWB', 438),
	(4840, '1.2 TSI 105 S', 439),
	(4841, '1.2 TSI S', 439),
	(4842, '1.4 80 S', 439),
	(4843, '1.4 TSI 122 S', 439),
	(4844, '1.4 TSI 122 SE', 439),
	(4845, '1.4 TSI 160 GT', 439),
	(4846, '1.6 102 S', 439),
	(4847, '1.6 S', 439),
	(4848, '1.6 SE', 439),
	(4849, '1.6 Sportline', 439),
	(4850, '1.6 TDI 105 Bluemotion S', 439),
	(4851, '1.6 TDI 105 Bluemotion S/S', 439),
	(4852, '1.6 TDI 105 Bluemotion SE', 439),
	(4853, '1.6 TDI 105 Bluemotion Tech S', 439),
	(4854, '1.6 TDI 105 Bluemotion Tech SE', 439),
	(4855, '1.6 TDI 105 S', 439),
	(4856, '1.6 TDI 105 SE', 439),
	(4857, '1.6 TDI 90 S', 439),
	(4858, '1.6 TDI Bluem Tech Sportline', 439),
	(4859, '1.6 TDI Bluemotion Sportline', 439),
	(4860, '1.9 TDI Bluemotion', 439),
	(4861, '1.9 TDI S', 439),
	(4862, '1.9 TDI S DPF', 439),
	(4863, '1.9 TDI SE', 439),
	(4864, '1.9 TDI SE DPF', 439),
	(4865, '2.0 TDI 110 S', 439),
	(4866, '2.0 TDI 110 SE', 439),
	(4867, '2.0 TDI 140 GT', 439),
	(4868, '2.0 TDI 140 SE', 439),
	(4869, '2.0 TDI 140 Sportline', 439),
	(4870, '2.0 TDI 170 GTD', 439),
	(4871, '2.0 TDI GTD', 439),
	(4872, '2.0 TDI SE', 439),
	(4873, '2.0 TDI Sportline', 439),
	(4874, '2.0 TSI 210 GTI', 439),
	(4875, '2.0 TSI 270 R', 439),
	(4876, '2.0 TSI 270 R DSG', 439),
	(4877, '2.0 TSI GTI', 439),
	(4878, '1.2 60', 440),
	(4879, '1.2 60 E', 440),
	(4880, '1.2 60 Match', 440),
	(4881, '1.2 60 Moda', 440),
	(4882, '1.2 60 Moda (AC)', 440),
	(4883, '1.2 60 S', 440),
	(4884, '1.2 60 S (AC)', 440),
	(4885, '1.2 60 SE', 440),
	(4886, '1.2 70', 440),
	(4887, '1.2 70 E', 440),
	(4888, '1.2 70 Match', 440),
	(4889, '1.2 70 Moda', 440),
	(4890, '1.2 70 Moda (AC)', 440),
	(4891, '1.2 70 S', 440),
	(4892, '1.2 70 S (AC)', 440),
	(4893, '1.2 70 SE', 440),
	(4894, '1.2 TDI 75 Bluemotion', 440),
	(4895, '1.2 TSI 105', 440),
	(4896, '1.2 TSI 105 SEL', 440),
	(4897, '1.4 80 Match', 440),
	(4898, '1.4 80 SE', 440),
	(4899, '1.4 85', 440),
	(4900, '1.4 85 SE', 440),
	(4901, '1.4 85 SEL', 440),
	(4902, '1.4 TDI 70 Match', 440),
	(4903, '1.4 TDI 80 Bluemotion 1', 440),
	(4904, '1.4 TDI 80 Bluemotion 2', 440),
	(4905, '1.4 TDI 80 SE', 440),
	(4906, '1.6 TDI 75', 440),
	(4907, '1.6 TDI 75 SE', 440),
	(4908, '1.6 TDI 90', 440),
	(4909, '1.6 TDI 90 Bluemotion', 440),
	(4910, '1.6 TDI 90 SEL', 440),
	(4911, '1.8T 150 GTI', 440),
	(4912, '1.4 TSI 120 R Line', 441),
	(4913, '1.4 TSI 120 S', 441),
	(4914, '1.4 TSI 122 R Line', 441),
	(4915, '1.4 TSI 122 S', 441),
	(4916, '1.6 TDI 105 Bluemotion', 441),
	(4917, '1.6 TDI 105 Bluemotion Tech S', 441),
	(4918, '1.8 TSI Highline', 441),
	(4919, '1.8 TSI Highline Plus', 441),
	(4920, '1.8 TSI R Line', 441),
	(4921, '1.8 TSI S', 441),
	(4922, '2.0 TDI  CR 110 Highline', 441),
	(4923, '2.0 TDI 170 Highline', 441),
	(4924, '2.0 TDI 170 SEL', 441),
	(4925, '2.0 TDI 170 Sport DPF', 441),
	(4926, '2.0 TDI CR 110 Bluemotion 2', 441),
	(4927, '2.0 TDI CR 110 Highline', 441),
	(4928, '2.0 TDI CR 110 Highline Plus', 441),
	(4929, '2.0 TDI CR 110 R Line', 441),
	(4930, '2.0 TDI CR 110 S', 441),
	(4931, '2.0 TDI CR 140 Highline', 441),
	(4932, '2.0 TDI CR 140 Highline Plus', 441),
	(4933, '2.0 TDI CR 140 R Line', 441),
	(4934, '2.0 TDI CR 140 S', 441),
	(4935, '2.0 TDI CR 140 Sport', 441),
	(4936, '2.0 TDI CR 140 Sport 4MOTION', 441),
	(4937, '2.0 TDI CR 170 Highline', 441),
	(4938, '2.0 TDI CR 170 Highline Plus', 441),
	(4939, '2.0 TDI CR 170 SEL', 441),
	(4940, '2.0 TDI CR 170 Sport', 441),
	(4941, '2.0 TSI Sport', 441),
	(4942, '2.0TDI BluemotionTech Highline', 441),
	(4943, '2.0TDI BlumotionTech Highline+', 441),
	(4944, '3.2 4MOTION SEL', 441),
	(4945, '3.6 V6 R36', 441),
	(4946, '1.4 Luna', 442),
	(4947, '1.6 Luna', 442),
	(4948, '1.8T', 442),
	(4949, '1.8T (rev 05)', 442),
	(4950, '1.9 TDi', 442),
	(4951, '1.9 TDi (rev 05)', 442),
	(4952, '2.0', 442),
	(4953, '2.0 (rev 05)', 442),
	(4954, '1.4 Luna', 443),
	(4955, '1.4 S', 443),
	(4956, '1.4 TSI 120 Luna', 443),
	(4957, '1.4 TSI 120 SE', 443),
	(4958, '1.4 TSI 160 Sport', 443),
	(4959, '1.4 TSI S', 443),
	(4960, '1.4 TSI SE', 443),
	(4961, '1.6 TDI 105 Bluemotion Tech S', 443),
	(4962, '1.6 TDI 105 Bluemotion Tech SE', 443),
	(4963, '1.6 TDI 105 S', 443),
	(4964, '1.6 TDI 105 SE', 443),
	(4965, '1.6 TDI 90 S', 443),
	(4966, '1.9 TDI 105 Bluemotion', 443),
	(4967, '1.9 TDI 105 Luna', 443),
	(4968, '1.9 TDI 105 SE', 443),
	(4969, '1.9 TDI 90 Luna', 443),
	(4970, '2.0 TDI 110 S', 443),
	(4971, '2.0 TDI 110 SE', 443),
	(4972, '2.0 TDI 140 SE', 443),
	(4973, '2.0 TDI Sport', 443),
	(4974, '3.0 V6 TDI 240 4Motion', 444),
	(4975, '3.0 V6 TDI 240 4Motion LWB', 444),
	(4976, '6.0 W12 4Motion LWB', 444),
	(4977, '1.4 TSI Match', 445),
	(4978, '1.4 TSI SE', 445),
	(4979, '1.6 S', 445),
	(4980, '1.9 TDI 105 Bluemotion Match', 445),
	(4981, '1.9 TDI 105 Bluemotion S', 445),
	(4982, '1.9 TDI 105 Bluemotion SE', 445),
	(4983, '1.9 TDI 105 Bluemotion Tech S', 445),
	(4984, '1.9 TDI 105 Bmotion Tech Match', 445),
	(4985, '1.9 TDI 105 DPF Match', 445),
	(4986, '1.9 TDI 105 DPF S', 445),
	(4987, '1.9 TDI 105 DPF SE', 445),
	(4988, '1.9 TDI 105 Match', 445),
	(4989, '1.9 TDI 105 S', 445),
	(4990, '1.9 TDI 105 SE', 445),
	(4991, '1.9 TDI 90 S', 445),
	(4992, '2.0 TDI 140 DPF Match', 445),
	(4993, '2.0 TDI 140 DPF SE', 445),
	(4994, '2.0 TDI 140 DPF Sport', 445),
	(4995, '2.0 TDI 140 Match', 445),
	(4996, '2.0 TDI 140 SE', 445),
	(4997, '2.0 TDI 140 Sport', 445),
	(4998, '2.0 TDI 170 DPF Match', 445),
	(4999, '2.0 TDI 170 DPF Sport', 445),
	(5000, '2.0 TDI 170 Sport DPF', 445),
	(5001, '1.4 TSI 120 S', 446),
	(5002, '1.4 TSI 120 SE', 446),
	(5003, '1.4 TSI 122 Bluemotion Tech S', 446),
	(5004, '1.4 TSI 122 Bluemotion Tech SE', 446),
	(5005, '1.4 TSI 160 SE', 446),
	(5006, '1.4 TSI 160 Sport', 446),
	(5007, '2.0 TDI CR Individual', 446),
	(5008, '2.0 TDI CR S', 446),
	(5009, '2.0 TDI CR SE', 446),
	(5010, '2.0 TDI CR Sport', 446),
	(5011, '2.0 TSI Individual', 446),
	(5012, '2.0 TSI Sport', 446),
	(5013, '3.2 V6 FSI Individual DSG', 446),
	(5014, '3.2 V6 FSI Sport DSG', 446),
	(5015, '3.6 V6 FSI Individual DSG', 446),
	(5016, '3.6 V6 FSI Sport DSG', 446),
	(5017, '1.2', 447),
	(5018, '1.2 Urban', 447),
	(5019, '1.4', 447),
	(5020, '1.4 Urban', 447),
	(5021, '1.5', 448),
	(5022, '2.5 TDI', 449),
	(5023, '2.5 TDI Altitude', 449),
	(5024, '2.5 TDI SE', 449),
	(5025, '3.0 V6 TDI 225 Bluemotion', 449),
	(5026, '3.0 V6 TDI 225 Bluemotion SE', 449),
	(5027, '3.0 V6 TDI Altitude', 449),
	(5028, '3.0 V6 TDI CR', 449),
	(5029, '3.0 V6 TDI CR 240', 449),
	(5030, '3.0 V6 TDI CR 240 Altitude', 449),
	(5031, '3.0 V6 TDI CR 240 SE', 449),
	(5032, '3.0 V6 TDI CR Altitude', 449),
	(5033, '3.0 V6 TDI CR SE', 449),
	(5034, '3.0 V6 TDI Escape', 449),
	(5035, '3.0 V6 TDI SE', 449),
	(5036, '3.3 V6 Hybrid', 449),
	(5037, '3.6 V6 Altitude', 449),
	(5038, '3.6 V6 SE', 449),
	(5039, '4.2 V8 TDI Altitude', 449),
	(5040, '5.0 V10 TDI Altitude', 449),
	(5041, '5.0 V10 TDI R50', 449),
	(5042, '5.0 V10 TDI SE', 449),
	(5043, 'Hybrid', 449),
	(5044, '1.9 TDI PD 115 S', 450),
	(5045, '1.9 TDI PD 115 SE', 450),
	(5046, '2.0 S', 450),
	(5047, '2.0 TDI Bluemotion S', 450),
	(5048, '2.0 TDI Bluemotion Tech S', 450),
	(5049, '2.0 TDI PD 140 S', 450),
	(5050, '2.0 TDI PD 140 SE', 450),
	(5051, '2.0 TDI PD 140 Sport', 450),
	(5052, '1.8 TSI', 451),
	(5053, '2.0 TDI 140', 451),
	(5054, '2.0 TDI 140 GT', 451),
	(5055, '2.0 TDI 170 GT', 451),
	(5056, '2.0 TSI GT', 451),
	(5057, '3.6 V6 FSI GT 4Motion', 451),
	(5058, '1.4 TSI 120 S', 452),
	(5059, '1.4 TSI 120 SE', 452),
	(5060, '1.4 TSI 122 S', 452),
	(5061, '1.4 TSI 122 SE', 452),
	(5062, '1.4 TSI 160 SE', 452),
	(5063, '1.4 TSI 160 Sport', 452),
	(5064, '1.6 TDI 105 S', 452),
	(5065, '1.6 TDI 105 SE', 452),
	(5066, '1.9 TDI Bluemotion DPF', 452),
	(5067, '1.9 TDI S', 452),
	(5068, '1.9 TDI S DPF', 452),
	(5069, '1.9 TDI SE', 452),
	(5070, '1.9 TDI SE DPF', 452),
	(5071, '2.0 TDI CR 140 SE', 452),
	(5072, '2.0 TDI CR 140 Sport', 452),
	(5073, '2.0 TDI CR 170 Sport', 452),
	(5074, '2.0 TFSI Sport', 452),
	(5075, '2.0 TSI Sport', 452),
	(5076, '2.0 BiTDI 180 SE', 453),
	(5077, '2.0 BiTDI 180 SE 4MOTION', 453),
	(5078, '2.0 TDI 140 SE', 453),
	(5079, '2.5 Tdi SE 130', 453),
	(5080, '2.5 Tdi SE 174', 453),
	(5081, '2.5 Tdi SE 174 4MOTION', 453),
	(5082, '1.4 TSI', 454),
	(5083, '1.4 TSI 122', 454),
	(5084, '1.4 TSI 160', 454),
	(5085, '1.4 TSI 160 DSG', 454),
	(5086, '1.4 TSI DSG', 454),
	(5087, '2.0 TDI', 454),
	(5088, '2.0 TDI 140', 454),
	(5089, '2.0 TDI 140 GT', 454),
	(5090, '2.0 TDI 170 GT', 454),
	(5091, '2.0 TDI GT', 454),
	(5092, '2.0 TSI 200 GT', 454),
	(5093, '2.0 TSI 210 GT', 454),
	(5094, '2.0 TSI 265 R', 454),
	(5095, '2.0 TSI 265 R DSG', 454),
	(5096, '2.0 TSI GT', 454),
	(5097, '2.0 TDI 122 DoubleCab 2WD', 455),
	(5098, '2.0 TDI 122 SingleCab 2WD', 455),
	(5099, '2.0 TDI 163 DoubleCab 4WD', 455),
	(5100, '2.0 TDI 163 SingleCab 4WD', 455),
	(5101, '1.9 TDI', 456),
	(5102, '2.0 TDI DPF', 456),
	(5103, '2.0 TDI BlueSport', 457),
	(5104, '1.6D DRIVe SE', 458),
	(5105, '1.6D DRIVe SE Premium', 458),
	(5106, '2.0 SE', 458),
	(5107, '2.0 SE Premium', 458),
	(5108, '2.0D Ocean Race', 458),
	(5109, '2.0D R-Design', 458),
	(5110, '2.0D R-Design Premium', 458),
	(5111, '2.0D R-Design SE', 458),
	(5112, '2.0D R-Design SE Premium', 458),
	(5113, '2.0D SE', 458),
	(5114, '2.0D SE Lux', 458),
	(5115, '2.0D SE Lux Premium', 458),
	(5116, '2.0D SE Premium', 458),
	(5117, '2.0F Ocean Race', 458),
	(5118, '2.0F SE', 458),
	(5119, '2.0F SE Premium', 458),
	(5120, '2.4 D5 AWD R-Design', 458),
	(5121, '2.4 D5 AWD R-Design Premium', 458),
	(5122, '2.4 D5 AWD SE', 458),
	(5123, '2.4 D5 AWD SE Lux', 458),
	(5124, '2.4 D5 AWD SE Lux Premium', 458),
	(5125, '2.4 D5 AWD SE Premium', 458),
	(5126, '2.4 D5 Ocean Race', 458),
	(5127, '2.4 D5 R-Design', 458),
	(5128, '2.4 D5 R-Design Premium', 458),
	(5129, '2.4 D5 R-Design SE', 458),
	(5130, '2.4 D5 R-Design SE Premium', 458),
	(5131, '2.4 D5 SE', 458),
	(5132, '2.4 D5 SE Lux', 458),
	(5133, '2.4 D5 SE Lux Premium', 458),
	(5134, '2.4 D5 SE Premium', 458),
	(5135, '2.4D Ocean Race', 458),
	(5136, '2.4D R-Design', 458),
	(5137, '2.4D R-Design Premium', 458),
	(5138, '2.4D R-Design SE', 458),
	(5139, '2.4D R-Design SE Premium', 458),
	(5140, '2.4D SE', 458),
	(5141, '2.4D SE Lux', 458),
	(5142, '2.4D SE Lux Premium', 458),
	(5143, '2.4D SE Premium', 458),
	(5144, '2.5 FT Ocean Race', 458),
	(5145, '2.5 FT SE Lux', 458),
	(5146, '2.5 FT SE Lux Premium', 458),
	(5147, '2.5FT Ocean Race', 458),
	(5148, '2.5FT SE Lux', 458),
	(5149, '2.5FT SE Lux Premium', 458),
	(5150, '2.5T Ocean Race', 458),
	(5151, '2.5T R-Design', 458),
	(5152, '2.5T R-Design Premium', 458),
	(5153, '2.5T R-Design SE', 458),
	(5154, '2.5T R-Design SE Premium', 458),
	(5155, '2.5T SE', 458),
	(5156, '2.5T SE Lux', 458),
	(5157, '2.5T SE Lux Premium', 458),
	(5158, '2.5T SE Premium', 458),
	(5159, '3.0 T6 AWD R-Design', 458),
	(5160, '3.0 T6 AWD R-Design Premium', 458),
	(5161, '3.0 T6 AWD R-Design SE', 458),
	(5162, '3.0 T6 AWD R-Design SE Premium', 458),
	(5163, '3.0 T6 AWD SE Lux', 458),
	(5164, '3.0 T6 AWD SE Lux Premium', 458),
	(5165, '3.2 Ocean Race', 458),
	(5166, 'D5 AWD SE', 458),
	(5167, 'D5 AWD SE Lux', 458),
	(5168, 'D5 AWD SE Lux Premium', 458),
	(5169, 'D5 AWD SE Premium', 458),
	(5170, 'D5 R-Design SE', 458),
	(5171, 'D5 R-Design SE Premium', 458),
	(5172, 'D5 SE', 458),
	(5173, 'D5 SE Lux', 458),
	(5174, 'D5 SE Lux Premium', 458),
	(5175, 'D5 SE Premium', 458),
	(5176, 'Plug-In Hybrid', 458),
	(5177, '1.6D DRIVe SE', 459),
	(5178, '1.6D DRIVe SE Premium', 459),
	(5179, '2.0 SE', 459),
	(5180, '2.0 SE Premium', 459),
	(5181, '2.0D SE', 459),
	(5182, '2.0D SE Lux', 459),
	(5183, '2.0D SE Lux Premium', 459),
	(5184, '2.0D SE Premium', 459),
	(5185, '2.0D SE Sport', 459),
	(5186, '2.0D SE Sport Premium', 459),
	(5187, '2.0F SE', 459),
	(5188, '2.0F SE Premium', 459),
	(5189, '2.4 D5 (F/Lift)', 459),
	(5190, '2.4 D5 Executive', 459),
	(5191, '2.4 D5 Executive Auto', 459),
	(5192, '2.4 D5 SE', 459),
	(5193, '2.4 D5 SE Lux', 459),
	(5194, '2.4 D5 SE Lux Premium', 459),
	(5195, '2.4 D5 SE Premium', 459),
	(5196, '2.4 D5 SE Sport', 459),
	(5197, '2.4 D5 SE Sport Premium', 459),
	(5198, '2.4D (F/Lift)', 459),
	(5199, '2.4D Executive Auto', 459),
	(5200, '2.4D SE', 459),
	(5201, '2.4D SE Lux', 459),
	(5202, '2.4D SE Lux Premium', 459),
	(5203, '2.4D SE Premium', 459),
	(5204, '2.4D SE Sport', 459),
	(5205, '2.4D SE Sport Premium', 459),
	(5206, '2.5FT SE Lux', 459),
	(5207, '2.5FT SE Lux Premium', 459),
	(5208, '2.5T SE', 459),
	(5209, '2.5T SE Lux', 459),
	(5210, '2.5T SE Lux Premium', 459),
	(5211, '2.5T SE Premium', 459),
	(5212, '2.5T SE Sport', 459),
	(5213, '2.5T SE Sport Premium', 459),
	(5214, '4.4 V8 AWD Executive', 459),
	(5215, '4.4 V8 AWD Executive Auto', 459),
	(5216, '4.4 V8 AWD SE Lux', 459),
	(5217, '4.4 V8 AWD SE Lux Auto', 459),
	(5218, '4.4 V8 AWD SE Lux Premium', 459),
	(5219, '4.4 V8 AWD SE Lux Premium Auto', 459),
	(5220, '4.4 V8 AWD SE Sport', 459),
	(5221, '4.4 V8 AWD SE Sport Premium', 459),
	(5222, '1.6 R-Design', 460),
	(5223, '1.6 R-Design Sport', 460),
	(5224, '1.6 S', 460),
	(5225, '1.6 SE', 460),
	(5226, '1.6D DRIVe R-Design', 460),
	(5227, '1.6D DRIVe S', 460),
	(5228, '1.6D DRIVe S Start/Stop', 460),
	(5229, '1.6D DRIVe SE', 460),
	(5230, '1.6D DRIVe SE Lux', 460),
	(5231, '1.6D DRIVe SE Lux Start/Stop', 460),
	(5232, '1.6D DRIVe SE Start/Stop', 460),
	(5233, '1.6D R-Design Sport', 460),
	(5234, '1.6D S', 460),
	(5235, '1.6D SE', 460),
	(5236, '1.8 R-Design', 460),
	(5237, '1.8 R-Design Sport', 460),
	(5238, '1.8 S', 460),
	(5239, '1.8 SE', 460),
	(5240, '1.8F R-Design Sport', 460),
	(5241, '1.8F SE', 460),
	(5242, '2.0 R-Design', 460),
	(5243, '2.0 R-Design Premium', 460),
	(5244, '2.0 R-Design SE', 460),
	(5245, '2.0 R-Design SE Premium', 460),
	(5246, '2.0 R-Design SE Sport', 460),
	(5247, '2.0 R-Design Sport', 460),
	(5248, '2.0 SE', 460),
	(5249, '2.0 SE Lux', 460),
	(5250, '2.0 SE Lux Premium', 460),
	(5251, '2.0 SE Premium', 460),
	(5252, '2.0D R-Design', 460),
	(5253, '2.0D R-Design Premium', 460),
	(5254, '2.0D R-Design SE', 460),
	(5255, '2.0D R-Design SE Premium', 460),
	(5256, '2.0D R-Design SE Sport', 460),
	(5257, '2.0D R-Design Sport', 460),
	(5258, '2.0D S', 460),
	(5259, '2.0D SE', 460),
	(5260, '2.0D SE Lux', 460),
	(5261, '2.0D SE Lux Premium', 460),
	(5262, '2.0D SE Premium', 460),
	(5263, '2.4 D5 R-Design', 460),
	(5264, '2.4 D5 R-Design SE', 460),
	(5265, '2.4 D5 R-Design SE Sport', 460),
	(5266, '2.4 D5 R-Design Sport', 460),
	(5267, '2.4 D5 SE', 460),
	(5268, '2.4 D5 SE Lux', 460),
	(5269, '2.5 T5 R-Design', 460),
	(5270, '2.5 T5 R-Design Premium', 460),
	(5271, '2.5 T5 R-Design SE', 460),
	(5272, '2.5 T5 R-Design SE Premium', 460),
	(5273, '2.5 T5 R-Design SE Sport', 460),
	(5274, '2.5 T5 R-Design Sport', 460),
	(5275, '1.6 S', 461),
	(5276, '1.6D DRIVe R-Design', 461),
	(5277, '1.6D DRIVe S', 461),
	(5278, '1.6D DRIVe S Start/Stop', 461),
	(5279, '1.6D DRIVe SE', 461),
	(5280, '1.6D DRIVe SE Lux', 461),
	(5281, '1.6D DRIVe SE Lux Start/Stop', 461),
	(5282, '1.6D DRIVe SE Start/Stop', 461),
	(5283, '1.6D S', 461),
	(5284, '1.6D SE', 461),
	(5285, '1.8 R-Design', 461),
	(5286, '1.8 R-Design Sport', 461),
	(5287, '1.8 S', 461),
	(5288, '1.8 SE', 461),
	(5289, '1.8F R-Design Sport', 461),
	(5290, '1.8F SE', 461),
	(5291, '2.0 R-Design', 461),
	(5292, '2.0 R-Design Premium', 461),
	(5293, '2.0 R-Design SE', 461),
	(5294, '2.0 R-Design SE Premium', 461),
	(5295, '2.0 R-Design SE Sport', 461),
	(5296, '2.0 R-Design Sport', 461),
	(5297, '2.0 SE', 461),
	(5298, '2.0 SE Lux', 461),
	(5299, '2.0 SE Lux Premium', 461),
	(5300, '2.0 SE Premium', 461),
	(5301, '2.0D R-Design', 461),
	(5302, '2.0D R-Design Premium', 461),
	(5303, '2.0D R-Design SE', 461),
	(5304, '2.0D R-Design SE Premium', 461),
	(5305, '2.0D R-Design SE Sport', 461),
	(5306, '2.0D R-Design Sport', 461),
	(5307, '2.0D S', 461),
	(5308, '2.0D SE', 461),
	(5309, '2.0D SE Lux', 461),
	(5310, '2.0D SE Lux Premium', 461),
	(5311, '2.0D SE Premium', 461),
	(5312, '2.4 D5 R-Design', 461),
	(5313, '2.4 D5 R-Design SE', 461),
	(5314, '2.4 D5 R-Design SE Sport', 461),
	(5315, '2.4 D5 R-Design Sport', 461),
	(5316, '2.4 D5 SE', 461),
	(5317, '2.4 D5 SE Lux', 461),
	(5318, '2.5 T5 R-Design', 461),
	(5319, '2.5 T5 R-Design Premium', 461),
	(5320, '2.5 T5 R-Design SE', 461),
	(5321, '2.5 T5 R-Design SE Premium', 461),
	(5322, '2.5 T5 R-Design SE Sport', 461),
	(5323, '2.5 T5 R-Design Sport', 461),
	(5324, '2.4 D5 S', 462),
	(5325, '2.4 D5 SE', 462),
	(5326, '2.4 D5 SE Lux', 462),
	(5327, '2.4D 175 2WD S', 462),
	(5328, '2.4D 175 2WD SE', 462),
	(5329, '2.4D 175 2WD SE Lux', 462),
	(5330, '2.4D DRIVe R-Design', 462),
	(5331, '2.4D DRIVe R-Design Premium', 462),
	(5332, '2.4D DRIVe R-Design SE', 462),
	(5333, '2.4D DRIVe R-Design SE Premium', 462),
	(5334, '2.4D DRIVe S', 462),
	(5335, '2.4D DRIVe SE', 462),
	(5336, '2.4D DRIVe SE Lux', 462),
	(5337, '2.4D DRIVe SE Lux Premium', 462),
	(5338, '2.4D DRIVe SE Premium', 462),
	(5339, '2.4D S', 462),
	(5340, '2.4D S Geartronic', 462),
	(5341, '2.4D SE', 462),
	(5342, '2.4D SE Geartronic', 462),
	(5343, '2.4D SE Lux', 462),
	(5344, '2.4D SE Lux Geartronic', 462),
	(5345, '2.4D SE Lux Premium Geartronic', 462),
	(5346, '2.4D SE Premium Geartronic', 462),
	(5347, '3.0 T6 AWD R-Design SE', 462),
	(5348, '3.0 T6 AWD R-Design SE Premium', 462),
	(5349, '3.0 T6 AWD SE', 462),
	(5350, '3.0 T6 AWD SE Lux', 462),
	(5351, '3.0 T6 AWD SE Lux Premium', 462),
	(5352, '3.0 T6 AWD SE Premium', 462),
	(5353, '3.0 T6 SE', 462),
	(5354, '3.0 T6 SE Lux', 462),
	(5355, 'D5 AWD R-Design', 462),
	(5356, 'D5 AWD R-Design Premium', 462),
	(5357, 'D5 AWD R-Design SE', 462),
	(5358, 'D5 AWD R-Design SE Premium', 462),
	(5359, 'D5 AWD S', 462),
	(5360, 'D5 AWD SE', 462),
	(5361, 'D5 AWD SE Lux', 462),
	(5362, 'D5 AWD SE Lux Premium', 462),
	(5363, 'D5 AWD SE Premium', 462),
	(5364, '1.6 R-Design', 463),
	(5365, '1.6 R-Design Sport', 463),
	(5366, '1.6 S', 463),
	(5367, '1.6 SE', 463),
	(5368, '1.6D DRIVe R-Design', 463),
	(5369, '1.6D DRIVe S', 463),
	(5370, '1.6D DRIVe S Start/Stop', 463),
	(5371, '1.6D DRIVe SE', 463),
	(5372, '1.6D DRIVe SE Lux', 463),
	(5373, '1.6D DRIVe SE Lux Start/Stop', 463),
	(5374, '1.6D DRIVe SE Start/Stop', 463),
	(5375, '1.6D R-Design Sport', 463),
	(5376, '1.6D SE', 463),
	(5377, '1.8 R-Design', 463),
	(5378, '1.8 R-Design SE', 463),
	(5379, '1.8 R-Design SE Sport', 463),
	(5380, '1.8 R-Design Sport', 463),
	(5381, '1.8 SE', 463),
	(5382, '1.8 SE Lux', 463),
	(5383, '1.8F R-Design', 463),
	(5384, '1.8F R-Design Sport', 463),
	(5385, '1.8F SE', 463),
	(5386, '2.0 R-Design', 463),
	(5387, '2.0 R-Design SE', 463),
	(5388, '2.0 R-Design SE Sport', 463),
	(5389, '2.0 R-Design Sport', 463),
	(5390, '2.0 SE', 463),
	(5391, '2.0 SE Lux', 463),
	(5392, '2.0D R Design SE Sport', 463),
	(5393, '2.0D R-Design', 463),
	(5394, '2.0D R-Design SE', 463),
	(5395, '2.0D R-Design Sport', 463),
	(5396, '2.0D SE', 463),
	(5397, '2.0D SE Lux', 463),
	(5398, '2.4 D5 R-Design', 463),
	(5399, '2.4 D5 R-Design SE', 463),
	(5400, '2.4 D5 R-Design SE Sport', 463),
	(5401, '2.4 D5 R-Design Sport', 463),
	(5402, '2.4 D5 SE', 463),
	(5403, '2.4 D5 SE Lux', 463),
	(5404, '2.5 (226bhp)T5 SE Lux', 463),
	(5405, '2.5 T5 R-Design', 463),
	(5406, '2.5 T5 R-Design SE', 463),
	(5407, '2.5 T5 R-Design SE Sport', 463),
	(5408, '2.5 T5 R-Design Sport', 463),
	(5409, 'BEV (Battery Electric Vehicle)', 463),
	(5410, '2.0D Ice White', 464),
	(5411, '2.0D Ice White Premium', 464),
	(5412, '2.0D S', 464),
	(5413, '2.0D S Premium', 464),
	(5414, '2.0D SE', 464),
	(5415, '2.0D SE Lux', 464),
	(5416, '2.0D SE Lux Premium', 464),
	(5417, '2.0D SE Premium', 464),
	(5418, '2.0D Sport', 464),
	(5419, '2.0D Sport Premium', 464),
	(5420, '2.4 D5 SE', 464),
	(5421, '2.4 D5 SE Lux', 464),
	(5422, '2.4 D5 SE Lux Premium', 464),
	(5423, '2.4 D5 SE Lux Premium 2010', 464),
	(5424, '2.4 D5 SE Premium', 464),
	(5425, '2.4 D5 Sport', 464),
	(5426, '2.4 D5 Sport Premium', 464),
	(5427, '2.4i SE', 464),
	(5428, '2.4i SE Lux', 464),
	(5429, '2.4i SE Lux Premium', 464),
	(5430, '2.4i SE Premium', 464),
	(5431, '2.4i Sport', 464),
	(5432, '2.4i Sport Premium', 464),
	(5433, '2.5 T5 SE Lux', 464),
	(5434, '2.5 T5 SE Lux Premium', 464),
	(5435, '2.5 T5 Sport', 464),
	(5436, '2.5 T5 Sport Premium', 464),
	(5437, '2.4 D5 Ocean Race', 465),
	(5438, '2.4 D5 SE', 465),
	(5439, '2.4 D5 SE Lux', 465),
	(5440, '2.4 D5 SE Lux Premium', 465),
	(5441, '2.4 D5 SE Sport', 465),
	(5442, '2.4 D5 SE Sport Premium', 465),
	(5443, '2.4D DRIVe 2WD SE', 465),
	(5444, '2.4D DRIVe 2WD SE Lux', 465),
	(5445, '2.4D DRIVe 2WD SE Lux Premium', 465),
	(5446, '2.4D DRIVe 2WD SE Premium', 465),
	(5447, '2.4D DRIVe SE', 465),
	(5448, '2.4D DRIVe SE Lux', 465),
	(5449, '2.4D DRIVe SE Lux Premium', 465),
	(5450, '2.4D DRIVe SE Premium', 465),
	(5451, '2.4D SE Geartronic', 465),
	(5452, '2.4D SE Lux Geartronic', 465),
	(5453, '2.4D SE Lux Premium Geartronic', 465),
	(5454, '2.4D SE Premium Geartronic', 465),
	(5455, '3.0 T6 AWD SE', 465),
	(5456, '3.0 T6 AWD SE Lux', 465),
	(5457, '3.0 T6 AWD SE Lux Premium', 465),
	(5458, '3.0 T6 AWD SE Premium', 465),
	(5459, 'D5 AWD SE', 465),
	(5460, 'D5 AWD SE Lux', 465),
	(5461, 'D5 AWD SE Lux Premium', 465),
	(5462, 'D5 AWD SE Premium', 465),
	(5463, 'T6 AWD SE', 465),
	(5464, 'T6 AWD SE Lux', 465),
	(5465, 'T6 AWD SE Lux Premium', 465),
	(5466, 'T6 AWD SE Premium', 465),
	(5467, '2.4 D5 Active', 466),
	(5468, '2.4 D5 Active Premium', 466),
	(5469, '2.4 D5 Executive', 466),
	(5470, '2.4 D5 Ocean Race', 466),
	(5471, '2.4 D5 R-Design', 466),
	(5472, '2.4 D5 R-Design Premium', 466),
	(5473, '2.4 D5 R-Design SE', 466),
	(5474, '2.4 D5 R-Design SE Premium', 466),
	(5475, '2.4 D5 S', 466),
	(5476, '2.4 D5 SE', 466),
	(5477, '2.4 D5 SE Lux', 466),
	(5478, '2.4 D5 SE Lux Premium', 466),
	(5479, '2.4 D5 SE Premium', 466),
	(5480, '3.2 Executive', 466),
	(5481, '3.2 Ocean Race', 466),
	(5482, '3.2 R-Design', 466),
	(5483, '3.2 R-Design Premium', 466),
	(5484, '3.2 R-Design SE', 466),
	(5485, '3.2 R-Design SE Premium', 466),
	(5486, '3.2 SE', 466),
	(5487, '3.2 SE Lux', 466),
	(5488, '3.2 SE Lux Premium', 466),
	(5489, '3.2 SE Premium', 466),
	(5490, '4.4 V8 Executive', 466),
	(5491, '4.4 V8 R-Design', 466),
	(5492, '4.4 V8 R-Design Premium', 466),
	(5493, '4.4 V8 R-Design SE', 466),
	(5494, '4.4 V8 R-Design SE Premium', 466),
	(5495, '4.4 V8 SE Lux', 466),
	(5496, '2.0 T SE', 467),
	(5497, '2.0 T SE Lux', 467),
	(5498, '2.0 T SE Sport', 467),
	(5499, '2.0T S (00-03)', 467),
	(5500, '2.4 D SE', 467),
	(5501, '2.4 D SE Lux', 467),
	(5502, '2.4 D SE Sport', 467),
	(5503, '2.4 D5 SE', 467),
	(5504, '2.4 D5 SE Lux', 467),
	(5505, '2.4 D5 SE Sport', 467),
	(5506, '0.9 Megablade', 468),
	(5507, '1.3 Megabusa', 468),
	(5508, 'Megabusa', 468),
	(5509, '1.6 135 Sigma', 469),
	(5510, '1.6 155 Sigma', 469),
	(5511, '1600 Sport Turbo', 469),
	(5512, '1800 (120bhp)', 469),
	(5513, '1800 (155bhp)', 469),
	(5514, '2.0 200 Duratec', 469),
	(5515, '2000 (192bhp)', 469),
	(5516, '3.9 V8', 470),
	(5517, '1.8', 471),
	(5518, '1.3', 472),
	(5519, '7.0 V8', 473);
/*!40000 ALTER TABLE `badges` ENABLE KEYS */;


# Dumping structure for table auction.credit_transactions
DROP TABLE IF EXISTS `credit_transactions`;
CREATE TABLE IF NOT EXISTS `credit_transactions` (
  `id` int(10) NOT NULL AUTO_INCREMENT,
  `user_id` int(10) NOT NULL DEFAULT '0',
  `type_id` tinyint(3) NOT NULL DEFAULT '0',
  `amount` int(10) NOT NULL DEFAULT '0',
  `trans_time` timestamp NOT NULL DEFAULT CURRENT_TIMESTAMP,
  `gateway_response` varchar(50) DEFAULT NULL,
  `active` tinyint(3) NOT NULL DEFAULT '0',
  PRIMARY KEY (`id`)
) ENGINE=MyISAM AUTO_INCREMENT=24 DEFAULT CHARSET=latin1;

# Dumping data for table auction.credit_transactions: 0 rows
/*!40000 ALTER TABLE `credit_transactions` DISABLE KEYS */;
/*!40000 ALTER TABLE `credit_transactions` ENABLE KEYS */;


# Dumping structure for table auction.credit_transaction_types
DROP TABLE IF EXISTS `credit_transaction_types`;
CREATE TABLE IF NOT EXISTS `credit_transaction_types` (
  `id` tinyint(3) NOT NULL AUTO_INCREMENT,
  `transaction_type` varchar(10) NOT NULL DEFAULT '0',
  `debit` tinyint(3) NOT NULL DEFAULT '1',
  PRIMARY KEY (`id`)
) ENGINE=MyISAM AUTO_INCREMENT=5 DEFAULT CHARSET=latin1;

# Dumping data for table auction.credit_transaction_types: 4 rows
/*!40000 ALTER TABLE `credit_transaction_types` DISABLE KEYS */;
INSERT INTO `credit_transaction_types` (`id`, `transaction_type`, `debit`) VALUES
	(1, 'Fund', 0),
	(2, 'Bid', 1),
	(3, 'List', 1),
	(4, 'Notify', 1);
/*!40000 ALTER TABLE `credit_transaction_types` ENABLE KEYS */;


# Dumping structure for table auction.makes
DROP TABLE IF EXISTS `makes`;
CREATE TABLE IF NOT EXISTS `makes` (
  `id` int(10) unsigned NOT NULL AUTO_INCREMENT,
  `make` varchar(50) NOT NULL,
  PRIMARY KEY (`id`),
  UNIQUE KEY `make` (`make`)
) ENGINE=MyISAM AUTO_INCREMENT=108 DEFAULT CHARSET=latin1;

# Dumping data for table auction.makes: 107 rows
/*!40000 ALTER TABLE `makes` DISABLE KEYS */;
INSERT INTO `makes` (`id`, `make`) VALUES
	(1, 'AC'),
	(2, 'Alfa Romeo'),
	(3, 'Alpina'),
	(4, 'Ariel'),
	(5, 'Artega'),
	(6, 'Ascari'),
	(7, 'Aston Martin'),
	(8, 'Audi'),
	(9, 'BMW'),
	(10, 'Bentley'),
	(11, 'Bristol'),
	(12, 'Brooke'),
	(13, 'Bugatti'),
	(14, 'Cadillac'),
	(15, 'Callaway'),
	(16, 'Campagna'),
	(17, 'Caparo'),
	(18, 'Caterham'),
	(19, 'Chevrolet'),
	(20, 'Chrysler'),
	(21, 'Citron'),
	(22, 'Corvette'),
	(23, 'Dacia'),
	(24, 'Daihatsu'),
	(25, 'Dodge'),
	(26, 'ECC'),
	(27, 'Elfin'),
	(28, 'Farbio'),
	(29, 'Ferrari'),
	(30, 'Fiat'),
	(31, 'Fisker'),
	(32, 'Ford'),
	(33, 'Ginetta'),
	(34, 'Gumpert'),
	(35, 'Holden'),
	(36, 'Honda'),
	(37, 'Hummer'),
	(38, 'Hyundai'),
	(39, 'IFR'),
	(40, 'Infiniti'),
	(41, 'Invicta'),
	(42, 'Isuzu'),
	(43, 'Iveco'),
	(44, 'Jaguar'),
	(45, 'Jeep'),
	(46, 'Jetstream'),
	(47, 'KTM'),
	(48, 'Kia'),
	(49, 'Koenigsegg'),
	(50, 'Lamborghini'),
	(51, 'Lancia'),
	(52, 'Land Rover'),
	(53, 'Leading'),
	(54, 'Lexus'),
	(55, 'Lobini'),
	(56, 'Lotus'),
	(57, 'MB Roadcars'),
	(58, 'MG'),
	(59, 'Marcos'),
	(60, 'Marlin'),
	(61, 'Maserati'),
	(62, 'Mastretta'),
	(63, 'Maybach'),
	(64, 'Mazda'),
	(65, 'McLaren'),
	(66, 'Melling'),
	(67, 'Mercedes-Benz'),
	(68, 'Mini'),
	(69, 'Mitsubishi'),
	(70, 'Mitsuoka'),
	(71, 'Morgan'),
	(72, 'NAC MG'),
	(73, 'NICE'),
	(74, 'Nissan'),
	(75, 'Noble'),
	(76, 'Opel'),
	(77, 'Pagani'),
	(78, 'Perodua'),
	(79, 'Peugeot'),
	(80, 'Porsche'),
	(81, 'Proton'),
	(82, 'Qpod'),
	(83, 'Radical'),
	(84, 'Renault'),
	(85, 'Rolls-Royce'),
	(86, 'SSC'),
	(87, 'Saab'),
	(88, 'Saturn'),
	(89, 'Seat'),
	(90, 'Shelby'),
	(91, 'Skoda'),
	(92, 'Smart'),
	(93, 'Spyker'),
	(94, 'Ssangyong'),
	(95, 'Subaru'),
	(96, 'Superformance'),
	(97, 'Suzuki'),
	(98, 'Tata'),
	(99, 'Tesla'),
	(100, 'Think'),
	(101, 'Toyota'),
	(102, 'Vauxhall'),
	(103, 'Veritas'),
	(104, 'Volkswagen'),
	(105, 'Volvo'),
	(106, 'Westfield'),
	(107, 'Zenvo');
/*!40000 ALTER TABLE `makes` ENABLE KEYS */;


# Dumping structure for table auction.match_prefs
DROP TABLE IF EXISTS `match_prefs`;
CREATE TABLE IF NOT EXISTS `match_prefs` (
  `id` int(10) NOT NULL AUTO_INCREMENT,
  `user_id` int(10) NOT NULL DEFAULT '0',
  `match_type_id` int(10) NOT NULL DEFAULT '1',
  `make_id` int(10) DEFAULT NULL,
  `model_id` int(10) DEFAULT NULL,
  `from_year` int(4) DEFAULT NULL,
  `to_year` int(4) DEFAULT NULL,
  `mileage` int(10) DEFAULT NULL,
  `location` varchar(25) DEFAULT NULL,
  PRIMARY KEY (`id`)
) ENGINE=MyISAM AUTO_INCREMENT=23 DEFAULT CHARSET=latin1;

# Dumping data for table auction.match_prefs: 1 rows
/*!40000 ALTER TABLE `match_prefs` DISABLE KEYS */;
INSERT INTO `match_prefs` (`id`, `user_id`, `match_type_id`, `make_id`, `model_id`, `from_year`, `to_year`, `mileage`, `location`) VALUES
	(22, 8, 1, 0, 0, 2000, 2011, NULL, '0'),
	(23, 8, 1, 0, 0, 2000, 2011, 0, ''),
	(24, 8, 1, 0, 0, 2000, 2011, 0, '3'),
	(25, 8, 1, 0, 0, 2000, 2011, 0, ''),
	(26, 8, 1, 0, 0, 2000, 2011, 0, ''),
	(27, 8, 1, 0, 0, 2000, 2011, 0, '3,4,5,6'),
	(28, 8, 1, 5, 0, 2000, 2011, 0, '3,4'),
	(29, 9, 1, 0, 0, 2000, 2011, NULL, NULL);
/*!40000 ALTER TABLE `match_prefs` ENABLE KEYS */;


# Dumping structure for table auction.match_types
DROP TABLE IF EXISTS `match_types`;
CREATE TABLE IF NOT EXISTS `match_types` (
  `id` int(10) NOT NULL AUTO_INCREMENT,
  `match_type` varchar(50) NOT NULL DEFAULT '0',
  PRIMARY KEY (`id`)
) ENGINE=MyISAM AUTO_INCREMENT=3 DEFAULT CHARSET=latin1;

# Dumping data for table auction.match_types: 2 rows
/*!40000 ALTER TABLE `match_types` DISABLE KEYS */;
INSERT INTO `match_types` (`id`, `match_type`) VALUES
	(1, 'Include'),
	(2, 'Exclude');
/*!40000 ALTER TABLE `match_types` ENABLE KEYS */;


# Dumping structure for table auction.models
DROP TABLE IF EXISTS `models`;
CREATE TABLE IF NOT EXISTS `models` (
  `id` int(10) unsigned NOT NULL AUTO_INCREMENT,
  `make_id` int(10) unsigned DEFAULT NULL,
  `model` varchar(50) DEFAULT NULL,
  PRIMARY KEY (`id`),
  UNIQUE KEY `make_id_model` (`make_id`,`model`)
) ENGINE=MyISAM AUTO_INCREMENT=474 DEFAULT CHARSET=latin1;

# Dumping data for table auction.models: 473 rows
/*!40000 ALTER TABLE `models` DISABLE KEYS */;
INSERT INTO `models` (`id`, `make_id`, `model`) VALUES
	(1, 1, 'MkVI'),
	(2, 2, '159'),
	(3, 2, 'Giulietta'),
	(4, 2, '147'),
	(5, 2, 'Brera'),
	(6, 2, 'Mito'),
	(7, 2, 'Spider'),
	(8, 2, 'GT'),
	(9, 2, '8C'),
	(10, 3, 'B6'),
	(11, 3, 'D3'),
	(12, 3, 'B7'),
	(13, 3, 'B3'),
	(14, 3, 'B5'),
	(15, 4, 'Atom'),
	(16, 5, 'GT'),
	(17, 6, 'KZ1'),
	(18, 7, 'Vantage'),
	(19, 7, 'Rapide'),
	(20, 7, 'DBS'),
	(21, 7, 'One-77'),
	(22, 7, 'Cygnet'),
	(23, 7, 'DB9'),
	(24, 8, 'A4'),
	(25, 8, 'A6'),
	(26, 8, 'TT'),
	(27, 8, 'A3'),
	(28, 8, 'A5'),
	(29, 8, 'A8'),
	(30, 8, 'Q7'),
	(31, 8, 'Q5'),
	(32, 8, 'E-tron'),
	(33, 8, 'A6 Allroad'),
	(34, 8, 'A4 Allroad'),
	(35, 8, 'R8'),
	(36, 8, 'A1'),
	(37, 8, 'Sportback'),
	(38, 9, '3 Series'),
	(39, 9, 'X1'),
	(40, 9, 'X3'),
	(41, 9, '6 Series'),
	(42, 9, '1 Series'),
	(43, 9, 'X5'),
	(44, 9, 'X6'),
	(45, 9, '5 Series'),
	(46, 9, '7 Series'),
	(47, 9, 'M3'),
	(48, 9, 'Z4'),
	(49, 9, '5 Series Gran Turismo'),
	(50, 10, 'Continental GT'),
	(51, 10, 'Brooklands'),
	(52, 10, 'Azure'),
	(53, 10, 'Continental'),
	(54, 10, 'Arnage'),
	(55, 10, 'Continental GTC'),
	(56, 10, 'Mulsanne'),
	(57, 11, 'Blenheim'),
	(58, 11, 'Fighter'),
	(59, 12, 'Double R'),
	(60, 13, 'Veyron'),
	(61, 13, 'EB'),
	(62, 14, 'CTS'),
	(63, 14, 'BLS'),
	(64, 14, 'SR'),
	(65, 14, 'STS'),
	(66, 14, 'Escalade'),
	(67, 14, 'STS-V'),
	(68, 15, 'C16'),
	(69, 16, 'T-rex'),
	(70, 17, 'T1'),
	(71, 18, 'Seven Superlight/R'),
	(72, 18, 'Seven CSR'),
	(73, 18, 'Seven Roadsport'),
	(74, 18, 'Seven Classic'),
	(75, 19, 'Aveo'),
	(76, 19, 'Lacetti'),
	(77, 19, 'Captiva'),
	(78, 19, 'Camaro'),
	(79, 19, 'Spark'),
	(80, 19, 'Cruze'),
	(81, 19, 'Epica'),
	(82, 19, 'Matiz'),
	(83, 19, 'Evanda'),
	(84, 19, 'Tacuma'),
	(85, 20, 'Sebring'),
	(86, 20, '300C'),
	(87, 20, 'Grand Voyager'),
	(88, 21, 'C-Crosser'),
	(89, 21, 'C8'),
	(90, 21, 'C5'),
	(91, 21, 'C4'),
	(92, 21, 'C3 Picasso'),
	(93, 21, 'C2'),
	(94, 21, 'Grand C4 Picasso'),
	(95, 21, 'Berlingo Multispace'),
	(96, 21, 'C3'),
	(97, 21, 'C4 Picasso'),
	(98, 21, 'Xsara Picasso'),
	(99, 21, 'Nemo Multispace'),
	(100, 21, 'C6'),
	(101, 21, 'DS3'),
	(102, 21, 'C1'),
	(103, 21, 'C3 Pluriel'),
	(104, 21, 'Berlingo First'),
	(105, 22, 'Z06'),
	(106, 22, 'ZR1'),
	(107, 22, 'C6'),
	(108, 23, 'Sandero'),
	(109, 23, 'Logan'),
	(110, 24, 'Terios'),
	(111, 24, 'Sirion'),
	(112, 24, 'Copen'),
	(113, 24, 'Materia'),
	(114, 24, 'Charade'),
	(115, 25, 'Journey'),
	(116, 25, 'Caliber'),
	(117, 25, 'Nitro'),
	(118, 25, 'Avenger'),
	(119, 25, 'Challenger'),
	(120, 25, 'SRT-10'),
	(121, 26, 'C1'),
	(122, 27, 'T5'),
	(123, 27, 'MS8'),
	(124, 28, 'GTS'),
	(125, 29, 'F430'),
	(126, 29, '599'),
	(127, 29, '612 Scaglietti'),
	(128, 29, '430'),
	(129, 29, '458'),
	(130, 29, 'California'),
	(131, 30, 'Grande Punto'),
	(132, 30, 'Punto Evo'),
	(133, 30, '500'),
	(134, 30, 'Doblo'),
	(135, 30, 'Bravo'),
	(136, 30, 'Sedici'),
	(137, 30, 'Panda'),
	(138, 30, 'Scudo'),
	(139, 30, 'Multipla'),
	(140, 30, 'Fiorino Combi'),
	(141, 30, 'Linea'),
	(142, 30, 'Qubo'),
	(143, 30, 'Iveco'),
	(144, 31, 'Karma'),
	(145, 32, 'Fiesta'),
	(146, 32, 'S-Max'),
	(147, 32, 'Focus'),
	(148, 32, 'Mondeo'),
	(149, 32, 'Ranger'),
	(150, 32, 'Galaxy'),
	(151, 32, 'Ka'),
	(152, 32, 'C-Max'),
	(153, 32, 'Fusion'),
	(154, 32, 'Kuga'),
	(155, 32, 'Falcon'),
	(156, 32, 'Grand C-Max'),
	(157, 32, 'Mustang'),
	(158, 33, 'G50'),
	(159, 34, 'Apollo'),
	(160, 35, 'Commodore'),
	(161, 35, 'GTS'),
	(162, 35, 'W427'),
	(163, 35, 'Maloo'),
	(164, 36, 'CR-V'),
	(165, 36, 'Legend'),
	(166, 36, 'Civic'),
	(167, 36, 'Accord'),
	(168, 36, 'FR-V'),
	(169, 36, 'Jazz'),
	(170, 36, 'HR-V'),
	(171, 36, 'Insight'),
	(172, 36, 'S2000'),
	(173, 36, 'FCX Clarity'),
	(174, 37, 'H3'),
	(175, 37, 'H2'),
	(176, 38, 'i30'),
	(177, 38, 'i10'),
	(178, 38, 'Matrix'),
	(179, 38, 'Sonata'),
	(180, 38, 'Santa Fe'),
	(181, 38, 'i20'),
	(182, 38, 'Tucson'),
	(183, 38, 'iX35'),
	(184, 38, 'Getz'),
	(185, 38, 'Grandeur'),
	(186, 38, 'Coup'),
	(187, 38, 'Genesis'),
	(188, 38, 'Accent'),
	(189, 38, 'i800'),
	(190, 38, 'i40'),
	(191, 38, 'Arnejs'),
	(192, 39, 'Aspid'),
	(193, 40, 'E'),
	(194, 40, 'G Series'),
	(195, 40, 'F'),
	(196, 41, 'S1'),
	(197, 42, 'Rodeo'),
	(198, 43, 'Campagnola'),
	(199, 44, 'XJ Series'),
	(200, 44, 'X-type'),
	(201, 44, 'XK Series'),
	(202, 44, 'XF'),
	(203, 44, 'Daimler'),
	(204, 45, 'Wrangler'),
	(205, 45, 'Patriot'),
	(206, 45, 'Compass'),
	(207, 45, 'Grand Cherokee'),
	(208, 45, 'Cherokee'),
	(209, 45, 'Commander'),
	(210, 46, 'SC250'),
	(211, 47, 'X-Bow'),
	(212, 48, 'Soul'),
	(213, 48, 'Carens'),
	(214, 48, 'Sedona'),
	(215, 48, 'Picanto'),
	(216, 48, 'Venga'),
	(217, 48, 'Sportage'),
	(218, 48, 'Ceed'),
	(219, 48, 'Rio'),
	(220, 48, 'Sorento'),
	(221, 48, 'Pro_ceed'),
	(222, 48, 'Magentis'),
	(223, 48, 'YN'),
	(224, 49, 'CC'),
	(225, 50, 'Murcilago'),
	(226, 50, 'Gallardo'),
	(227, 51, 'Delta'),
	(228, 52, 'Defender'),
	(229, 52, 'Discovery'),
	(230, 52, 'Range  Sport'),
	(231, 52, 'Freelander'),
	(232, 52, 'Range '),
	(233, 53, 'Edge 240'),
	(234, 54, 'GS'),
	(235, 54, 'R'),
	(236, 54, 'IS'),
	(237, 54, 'LS'),
	(238, 54, 'SC430'),
	(239, 54, 'LF-A'),
	(240, 54, 'GT500'),
	(241, 55, 'H1'),
	(242, 56, '2-Eleven'),
	(243, 56, 'Evora'),
	(244, 56, 'Exige'),
	(245, 56, 'Elise'),
	(246, 56, 'Europa'),
	(247, 57, 'MBR V8'),
	(248, 58, 'Motor TF'),
	(249, 58, 'Motor MG6'),
	(250, 59, 'Marcasite'),
	(251, 59, 'TSO'),
	(252, 60, '5exi-R'),
	(253, 61, 'Granturismo'),
	(254, 61, 'Spyder'),
	(255, 61, 'Grancabrio'),
	(256, 61, 'Quattroporte'),
	(257, 61, 'MC12'),
	(258, 62, 'MXT'),
	(259, 63, '62'),
	(260, 63, '57'),
	(261, 64, '2'),
	(262, 64, '3'),
	(263, 64, '6'),
	(264, 64, 'BT-50'),
	(265, 64, '5'),
	(266, 64, 'MX-5'),
	(267, 64, 'B-Series'),
	(268, 64, 'RX-8'),
	(269, 64, 'CX-7'),
	(270, 65, 'MP4-12C'),
	(271, 66, 'Wildcat'),
	(272, 67, 'S-Class'),
	(273, 67, 'E-Class'),
	(274, 67, 'CLK'),
	(275, 67, 'C-Class'),
	(276, 67, 'CLC'),
	(277, 67, 'CLS'),
	(278, 67, 'M-Class'),
	(279, 67, 'B-Class'),
	(280, 67, 'CL'),
	(281, 67, 'SLR McLaren'),
	(282, 67, 'A-Class'),
	(283, 67, 'GL-Class'),
	(284, 67, 'Viano'),
	(285, 67, 'SL'),
	(286, 67, 'R-Class'),
	(287, 67, 'SLS'),
	(288, 67, 'SLK'),
	(289, 67, 'BlueZERO'),
	(290, 67, 'SLC'),
	(291, 68, 'Cooper'),
	(292, 68, 'One'),
	(293, 68, 'Countryman'),
	(294, 68, 'E'),
	(295, 68, 'First'),
	(296, 69, 'Grandis'),
	(297, 69, 'Shogun'),
	(298, 69, 'Colt'),
	(299, 69, 'Evo'),
	(300, 69, 'L200'),
	(301, 69, 'Outlander'),
	(302, 69, 'Lancer'),
	(303, 69, 'i'),
	(304, 69, 'AS'),
	(305, 70, 'Orochi'),
	(306, 71, 'Plus 4'),
	(307, 71, 'Roadster'),
	(308, 71, '4/4'),
	(309, 71, 'Aero 8'),
	(310, 72, '7'),
	(311, 73, 'MEGA City'),
	(312, 74, 'Qashqai'),
	(313, 74, 'X-Trail'),
	(314, 74, 'Micra'),
	(315, 74, '370Z'),
	(316, 74, 'Qashqai+2'),
	(317, 74, 'Note'),
	(318, 74, 'Patrol GR'),
	(319, 74, 'Navara'),
	(320, 74, 'Fuga'),
	(321, 74, 'Pixo'),
	(322, 74, 'GT-R'),
	(323, 74, '350Z'),
	(324, 74, 'Murano'),
	(325, 74, 'Pathfinder'),
	(326, 74, 'Cube'),
	(327, 75, 'M600'),
	(328, 76, 'GT'),
	(329, 77, 'Zonda'),
	(330, 78, 'Kenari'),
	(331, 78, 'Kelisa'),
	(332, 78, 'Myvi'),
	(333, 79, '207'),
	(334, 79, '407'),
	(335, 79, '308'),
	(336, 79, '807'),
	(337, 79, '5008'),
	(338, 79, '607'),
	(339, 79, '3008'),
	(340, 79, 'Partner Tepee'),
	(341, 79, '1007'),
	(342, 79, 'Bipper Tepee'),
	(343, 79, '107'),
	(344, 79, 'iOn'),
	(345, 79, '4007'),
	(346, 79, 'RCZ'),
	(347, 79, '306'),
	(348, 80, 'Cayenne'),
	(349, 80, '911'),
	(350, 80, 'Panamera'),
	(351, 80, 'Boxster'),
	(352, 80, 'Cayman'),
	(353, 81, 'GEN-2'),
	(354, 81, 'Savvy'),
	(355, 81, 'Jumbuck'),
	(356, 81, 'Satria Neo'),
	(357, 82, 'QPod'),
	(358, 83, 'Clubsport'),
	(359, 84, 'Grand Scenic'),
	(360, 84, 'Scenic'),
	(361, 84, 'Megane'),
	(362, 84, 'Clio'),
	(363, 84, 'Espace'),
	(364, 84, 'Laguna'),
	(365, 84, 'Grand Modus'),
	(366, 84, 'Kangoo'),
	(367, 84, 'Twingo'),
	(368, 84, 'Koleos'),
	(369, 84, 'Modus'),
	(370, 84, 'Kangoo Be Bop'),
	(371, 85, 'Phantom'),
	(372, 85, 'Ghost'),
	(373, 86, 'Ultimate Aero'),
	(374, 87, '9-3'),
	(375, 87, '9-5'),
	(376, 88, 'Sky'),
	(377, 89, 'Exeo'),
	(378, 89, 'Altea'),
	(379, 89, 'Leon'),
	(380, 89, 'Ibiza'),
	(381, 89, 'Alhambra'),
	(382, 89, 'Toledo'),
	(383, 90, 'Daytona Cobra'),
	(384, 91, 'Superb'),
	(385, 91, 'Octavia'),
	(386, 91, 'Fabia'),
	(387, 91, 'Yeti'),
	(388, 91, 'Roomster'),
	(389, 92, 'Fortwo'),
	(390, 93, 'Spyder'),
	(391, 93, 'C8'),
	(392, 94, 'Kyron'),
	(393, 94, 'Rodius'),
	(394, 94, 'Rexton'),
	(395, 95, 'Legacy'),
	(396, 95, 'B9 Tribeca'),
	(397, 95, 'Justy'),
	(398, 95, 'Forester'),
	(399, 95, 'Impreza'),
	(400, 96, 'GT40'),
	(401, 96, 'Le Mans'),
	(402, 97, 'Swift'),
	(403, 97, 'Grand Vitara'),
	(404, 97, 'SX4'),
	(405, 97, 'Alto'),
	(406, 97, 'Splash'),
	(407, 97, 'Kizashi'),
	(408, 97, 'Jimny'),
	(409, 98, 'Nano'),
	(410, 99, 'Roadster'),
	(411, 100, 'City'),
	(412, 101, 'Avensis'),
	(413, 101, 'RAV4'),
	(414, 101, 'Verso'),
	(415, 101, 'Urban Cruiser'),
	(416, 101, 'Auris'),
	(417, 101, 'Aygo'),
	(418, 101, 'Prius'),
	(419, 101, 'Yaris'),
	(420, 101, 'iQ'),
	(421, 101, 'Hilux'),
	(422, 101, 'Land Cruiser'),
	(423, 101, 'Land Cruiser V8'),
	(424, 101, 'FJ Cruiser'),
	(425, 102, 'Meriva'),
	(426, 102, 'Astra'),
	(427, 102, 'Insignia'),
	(428, 102, 'Corsa'),
	(429, 102, 'Tigra'),
	(430, 102, 'Zafira'),
	(431, 102, 'VXR8'),
	(432, 102, 'Agila'),
	(433, 102, 'Antara'),
	(434, 102, 'Opel GT'),
	(435, 102, 'Pontiac'),
	(436, 103, 'RSIII'),
	(437, 104, 'Tiguan'),
	(438, 104, 'Caravelle'),
	(439, 104, 'Golf'),
	(440, 104, 'Polo'),
	(441, 104, 'Passat'),
	(442, 104, 'Beetle'),
	(443, 104, 'Golf Plus'),
	(444, 104, 'Phaeton'),
	(445, 104, 'Touran'),
	(446, 104, 'Eos'),
	(447, 104, 'Fox'),
	(448, 104, 'EcoRacer'),
	(449, 104, 'Touareg'),
	(450, 104, 'Sharan'),
	(451, 104, 'Passat CC'),
	(452, 104, 'Jetta'),
	(453, 104, 'California'),
	(454, 104, 'Scirocco'),
	(455, 104, 'Amarok'),
	(456, 104, 'Caddy Maxi Life'),
	(457, 104, 'Roadster'),
	(458, 105, 'V70'),
	(459, 105, 'S80'),
	(460, 105, 'S40'),
	(461, 105, 'V50'),
	(462, 105, 'XC60'),
	(463, 105, 'C30'),
	(464, 105, 'C70'),
	(465, 105, 'XC70'),
	(466, 105, 'XC90'),
	(467, 105, 'S60'),
	(468, 106, 'Mega'),
	(469, 106, 'Sport'),
	(470, 106, 'SEiGHT'),
	(471, 106, 'XTR4'),
	(472, 106, 'XTR2'),
	(473, 107, 'ST1');
/*!40000 ALTER TABLE `models` ENABLE KEYS */;


# Dumping structure for table auction.notification_categories
DROP TABLE IF EXISTS `notification_categories`;
CREATE TABLE IF NOT EXISTS `notification_categories` (
  `id` tinyint(3) NOT NULL AUTO_INCREMENT,
  `category` varchar(50) NOT NULL DEFAULT '0',
  PRIMARY KEY (`id`)
) ENGINE=MyISAM AUTO_INCREMENT=5 DEFAULT CHARSET=latin1;

# Dumping data for table auction.notification_categories: 4 rows
/*!40000 ALTER TABLE `notification_categories` DISABLE KEYS */;
INSERT INTO `notification_categories` (`id`, `category`) VALUES
	(1, 'Listed Vehicles'),
	(2, 'Bidding'),
	(3, 'Matched Preferences'),
	(4, 'Administration');
/*!40000 ALTER TABLE `notification_categories` ENABLE KEYS */;


# Dumping structure for table auction.notification_item
DROP TABLE IF EXISTS `notification_item`;
CREATE TABLE IF NOT EXISTS `notification_item` (
  `id` int(10) NOT NULL AUTO_INCREMENT,
  `item_category_id` tinyint(3) NOT NULL DEFAULT '1',
  `item_name` varchar(128) NOT NULL DEFAULT '0',
  `active` tinyint(1) NOT NULL DEFAULT '1',
  PRIMARY KEY (`id`)
) ENGINE=MyISAM AUTO_INCREMENT=12 DEFAULT CHARSET=latin1;

# Dumping data for table auction.notification_item: 11 rows
/*!40000 ALTER TABLE `notification_item` DISABLE KEYS */;
INSERT INTO `notification_item` (`id`, `item_category_id`, `item_name`, `active`) VALUES
	(1, 1, 'Bid Received', 0),
	(2, 1, 'Bid Withdrawn', 0),
	(3, 2, 'Outbid on Vehicle', 0),
	(4, 2, 'Vehicle Withdrawn/Expired', 0),
	(5, 2, 'Vehicle Won', 0),
	(6, 2, 'Vehicle Sold', 0),
	(7, 2, 'Vehicle Reminder', 0),
	(8, 1, 'Buyout Received', 0),
	(9, 3, 'New Vehicle Match', 1),
	(10, 1, 'Receive Seller Info', 1),
	(11, 2, 'Receive Buyer Info', 1),
	(12, 1, 'New Signup', 0);
/*!40000 ALTER TABLE `notification_item` ENABLE KEYS */;


# Dumping structure for table auction.notification_preference
DROP TABLE IF EXISTS `notification_preference`;
CREATE TABLE IF NOT EXISTS `notification_preference` (
  `id` int(10) NOT NULL AUTO_INCREMENT,
  `user_id` int(10) DEFAULT NULL,
  `item_id` int(10) DEFAULT NULL,
  `preference_id` int(10) DEFAULT NULL,
  PRIMARY KEY (`id`),
  UNIQUE KEY `user_id_item_id` (`user_id`,`item_id`)
) ENGINE=MyISAM AUTO_INCREMENT=15 DEFAULT CHARSET=latin1;

# Dumping data for table auction.notification_preference: 0 rows
/*!40000 ALTER TABLE `notification_preference` DISABLE KEYS */;
/*!40000 ALTER TABLE `notification_preference` ENABLE KEYS */;


# Dumping structure for table auction.notification_preference_type
DROP TABLE IF EXISTS `notification_preference_type`;
CREATE TABLE IF NOT EXISTS `notification_preference_type` (
  `id` tinyint(3) NOT NULL AUTO_INCREMENT,
  `preference` varchar(50) NOT NULL,
  `bitmask` tinyint(3) NOT NULL,
  PRIMARY KEY (`id`)
) ENGINE=MyISAM AUTO_INCREMENT=5 DEFAULT CHARSET=latin1;

# Dumping data for table auction.notification_preference_type: 4 rows
/*!40000 ALTER TABLE `notification_preference_type` DISABLE KEYS */;
INSERT INTO `notification_preference_type` (`id`, `preference`, `bitmask`) VALUES
	(1, 'None', 0),
	(2, 'Email Only', 1),
	(3, 'SMS Only', 2),
	(4, 'SMS and Email', 3);
/*!40000 ALTER TABLE `notification_preference_type` ENABLE KEYS */;


# Dumping structure for table auction.notification_types
DROP TABLE IF EXISTS `notification_types`;
CREATE TABLE IF NOT EXISTS `notification_types` (
  `id` tinyint(3) NOT NULL AUTO_INCREMENT,
  `type` varchar(10) NOT NULL,
  `value` tinyint(3) NOT NULL DEFAULT '0',
  PRIMARY KEY (`id`)
) ENGINE=MyISAM AUTO_INCREMENT=3 DEFAULT CHARSET=latin1;

# Dumping data for table auction.notification_types: 2 rows
/*!40000 ALTER TABLE `notification_types` DISABLE KEYS */;
INSERT INTO `notification_types` (`id`, `type`, `value`) VALUES
	(1, 'Email', 1),
	(2, 'SMS', 2);
/*!40000 ALTER TABLE `notification_types` ENABLE KEYS */;


# Dumping structure for table auction.states
DROP TABLE IF EXISTS `states`;
CREATE TABLE IF NOT EXISTS `states` (
  `id` int(10) NOT NULL AUTO_INCREMENT,
  `state` varchar(50) DEFAULT '0',
  `active` tinyint(1) NOT NULL DEFAULT '1',
  PRIMARY KEY (`id`)
) ENGINE=MyISAM AUTO_INCREMENT=10 DEFAULT CHARSET=latin1;

# Dumping data for table auction.states: 9 rows
/*!40000 ALTER TABLE `states` DISABLE KEYS */;
INSERT INTO `states` (`id`, `state`, `active`) VALUES
	(1, 'NULL', 0),
	(2, 'New South Wales', 1),
	(3, 'Victoria', 1),
	(4, 'Queensland', 1),
	(5, 'South Australia', 1),
	(6, 'Western Australia', 1),
	(7, 'Tasmania', 1),
	(8, 'Northern Territory', 1),
	(9, 'Northern Territory', 0);
/*!40000 ALTER TABLE `states` ENABLE KEYS */;


# Dumping structure for table auction.type_body
DROP TABLE IF EXISTS `type_body`;
CREATE TABLE IF NOT EXISTS `type_body` (
  `id` tinyint(3) unsigned NOT NULL AUTO_INCREMENT,
  `body` varchar(50) DEFAULT NULL,
  PRIMARY KEY (`id`)
) ENGINE=MyISAM AUTO_INCREMENT=7 DEFAULT CHARSET=latin1;

# Dumping data for table auction.type_body: 6 rows
/*!40000 ALTER TABLE `type_body` DISABLE KEYS */;
INSERT INTO `type_body` (`id`, `body`) VALUES
	(1, 'Sedan'),
	(2, 'Coupe'),
	(3, 'Van'),
	(4, 'Hatchback'),
	(5, 'Station Wagon'),
	(6, 'SUV');
/*!40000 ALTER TABLE `type_body` ENABLE KEYS */;


# Dumping structure for table auction.type_colours
DROP TABLE IF EXISTS `type_colours`;
CREATE TABLE IF NOT EXISTS `type_colours` (
  `id` tinyint(3) unsigned NOT NULL AUTO_INCREMENT,
  `colour` varchar(50) DEFAULT NULL,
  PRIMARY KEY (`id`)
) ENGINE=MyISAM AUTO_INCREMENT=11 DEFAULT CHARSET=latin1;

# Dumping data for table auction.type_colours: 10 rows
/*!40000 ALTER TABLE `type_colours` DISABLE KEYS */;
INSERT INTO `type_colours` (`id`, `colour`) VALUES
	(1, 'Black'),
	(2, 'White'),
	(3, 'Charcoal'),
	(4, 'Red'),
	(5, 'Blue'),
	(6, 'Green'),
	(7, 'Yellow'),
	(8, 'Grey'),
	(9, 'Silver'),
	(10, 'Gold');
/*!40000 ALTER TABLE `type_colours` ENABLE KEYS */;


# Dumping structure for table auction.type_drives
DROP TABLE IF EXISTS `type_drives`;
CREATE TABLE IF NOT EXISTS `type_drives` (
  `id` tinyint(3) unsigned NOT NULL AUTO_INCREMENT,
  `drive` varchar(50) DEFAULT NULL,
  PRIMARY KEY (`id`)
) ENGINE=MyISAM AUTO_INCREMENT=5 DEFAULT CHARSET=latin1;

# Dumping data for table auction.type_drives: 4 rows
/*!40000 ALTER TABLE `type_drives` DISABLE KEYS */;
INSERT INTO `type_drives` (`id`, `drive`) VALUES
	(1, 'Front Wheel Drive'),
	(2, 'Rear Wheel Drive'),
	(3, 'All Wheel Drive'),
	(4, 'Four Wheel Drive');
/*!40000 ALTER TABLE `type_drives` ENABLE KEYS */;


# Dumping structure for table auction.type_fuel
DROP TABLE IF EXISTS `type_fuel`;
CREATE TABLE IF NOT EXISTS `type_fuel` (
  `id` tinyint(3) unsigned NOT NULL AUTO_INCREMENT,
  `fuel` varchar(50) DEFAULT NULL,
  PRIMARY KEY (`id`)
) ENGINE=MyISAM AUTO_INCREMENT=5 DEFAULT CHARSET=latin1;

# Dumping data for table auction.type_fuel: 4 rows
/*!40000 ALTER TABLE `type_fuel` DISABLE KEYS */;
INSERT INTO `type_fuel` (`id`, `fuel`) VALUES
	(1, 'Petrol'),
	(2, 'LPG'),
	(3, 'Hybrid'),
	(4, 'Diesel');
/*!40000 ALTER TABLE `type_fuel` ENABLE KEYS */;


# Dumping structure for table auction.type_roofs
DROP TABLE IF EXISTS `type_roofs`;
CREATE TABLE IF NOT EXISTS `type_roofs` (
  `id` tinyint(10) NOT NULL AUTO_INCREMENT,
  `roof` varchar(50) NOT NULL,
  PRIMARY KEY (`id`)
) ENGINE=MyISAM AUTO_INCREMENT=5 DEFAULT CHARSET=latin1;

# Dumping data for table auction.type_roofs: 4 rows
/*!40000 ALTER TABLE `type_roofs` DISABLE KEYS */;
INSERT INTO `type_roofs` (`id`, `roof`) VALUES
	(1, 'Hard Top'),
	(2, 'Convertible - Soft Top'),
	(3, 'Convertible - Hard Top'),
	(4, 'Sun Roof');
/*!40000 ALTER TABLE `type_roofs` ENABLE KEYS */;


# Dumping structure for table auction.type_sale
DROP TABLE IF EXISTS `type_sale`;
CREATE TABLE IF NOT EXISTS `type_sale` (
  `id` tinyint(3) unsigned NOT NULL AUTO_INCREMENT,
  `sale_type` varchar(50) NOT NULL,
  PRIMARY KEY (`id`)
) ENGINE=MyISAM AUTO_INCREMENT=3 DEFAULT CHARSET=latin1;

# Dumping data for table auction.type_sale: 2 rows
/*!40000 ALTER TABLE `type_sale` DISABLE KEYS */;
INSERT INTO `type_sale` (`id`, `sale_type`) VALUES
	(1, 'New'),
	(2, 'Used');
/*!40000 ALTER TABLE `type_sale` ENABLE KEYS */;


# Dumping structure for table auction.type_transmission
DROP TABLE IF EXISTS `type_transmission`;
CREATE TABLE IF NOT EXISTS `type_transmission` (
  `id` tinyint(3) unsigned NOT NULL AUTO_INCREMENT,
  `transmission` varchar(50) DEFAULT NULL,
  PRIMARY KEY (`id`)
) ENGINE=MyISAM AUTO_INCREMENT=3 DEFAULT CHARSET=latin1;

# Dumping data for table auction.type_transmission: 2 rows
/*!40000 ALTER TABLE `type_transmission` DISABLE KEYS */;
INSERT INTO `type_transmission` (`id`, `transmission`) VALUES
	(1, 'Manual'),
	(2, 'Automatic');
/*!40000 ALTER TABLE `type_transmission` ENABLE KEYS */;


# Dumping structure for table auction.vehicle_details
DROP TABLE IF EXISTS `vehicle_details`;
CREATE TABLE IF NOT EXISTS `vehicle_details` (
  `id` int(10) unsigned NOT NULL AUTO_INCREMENT,
  `auction_id` int(10) unsigned DEFAULT NULL,
  `model_id` int(10) unsigned NOT NULL,
  `colour_id` tinyint(3) unsigned NOT NULL,
  `badge_id` bigint(20) unsigned DEFAULT NULL,
  `sale_type_id` tinyint(3) unsigned NOT NULL DEFAULT '2',
  `transmission_id` tinyint(3) unsigned DEFAULT NULL,
  `body_id` tinyint(3) unsigned DEFAULT NULL,
  `drive_type_id` tinyint(3) unsigned DEFAULT NULL,
  `fuel_type_id` tinyint(3) unsigned DEFAULT NULL,
  `roof_type_id` tinyint(3) unsigned DEFAULT NULL,
  `mileage` int(10) unsigned DEFAULT NULL,
  `build_month` tinyint(2) DEFAULT NULL,
  `year` year(4) NOT NULL,
  `doors` tinyint(1) unsigned DEFAULT NULL,
  `cylinders` tinyint(3) unsigned DEFAULT NULL,
  `engine_size` varchar(8) DEFAULT NULL,
  `spend` varchar(20) DEFAULT NULL,
  `registration` varchar(50) DEFAULT NULL,
  `import` tinyint(4) NOT NULL DEFAULT '0',
  `VIN` varchar(17) DEFAULT NULL,
  PRIMARY KEY (`id`)
) ENGINE=MyISAM AUTO_INCREMENT=26 DEFAULT CHARSET=latin1;

# Dumping data for table auction.vehicle_details: 6 rows
/*!40000 ALTER TABLE `vehicle_details` DISABLE KEYS */;
INSERT INTO `vehicle_details` (`id`, `auction_id`, `model_id`, `colour_id`, `badge_id`, `sale_type_id`, `transmission_id`, `body_id`, `drive_type_id`, `fuel_type_id`, `roof_type_id`, `mileage`, `build_month`, `year`, `doors`, `cylinders`, `engine_size`, `spend`, `registration`, `import`, `VIN`) VALUES
	(20, 1, 24, 4, 125, 1, 2, 2, 1, 2, 3, 20000, 2, '2004', 3, 4, '', '0', '2011-03', 0, ''),
	(21, 2, 47, 1, 785, 1, 2, 4, 4, 3, 2, 120000, 3, '2009', 2, 8, '', '200', '2011-05', 0, ''),
	(22, 3, 114, 5, 0, 1, 1, 2, 4, 3, 3, 210000, 7, '2002', 4, 8, '', '0', '2011-10', 0, ''),
	(23, 4, 15, 5, 0, 1, 1, 2, 4, 1, 2, 12000, 9, '2006', 2, 4, '', '200', '2011-08', 0, ''),
	(24, 5, 38, 8, 551, 1, 1, 2, 4, 3, 3, 120000, 5, '2004', 4, 4, '', '0', '2011-07', 0, ''),
	(25, 6, 160, 3, 1597, 1, 1, 4, 1, 1, 2, 120000, 2, '2006', 4, 5, '', '200', '2011-07', 0, '');
/*!40000 ALTER TABLE `vehicle_details` ENABLE KEYS */;
/*!40101 SET SQL_MODE=@OLD_SQL_MODE */;
/*!40014 SET FOREIGN_KEY_CHECKS=@OLD_FOREIGN_KEY_CHECKS */;
/*!40101 SET CHARACTER_SET_CLIENT=@OLD_CHARACTER_SET_CLIENT */;
